rdc,token,value_de,value_en,expl_de,expl_en
access.choice.remote,Academic,Wissenschaftler,Academic,,
access.choice.remote,all,alle,all,,
access.choice.remote,no Access,kein Zugang,no Access,,
access.method,ip4,IPv4,IPv4,,
access.method,ip6,IPv6,IPv6,,
access.method,oa,OpenAthens,Open Athens,,
access.method,proxy,Proxy,Proxy,,
access.method,ref,Referrer,Referrer,,
access.method,shibboleth,Shibboleth,Shibboleth,,
access.method,up,Benutzername/Passwort,Username/Password,,
access.method.ip,IPv4,IPv4,IPv4,,
access.method.ip,IPv6,IPv6,IPv6,,
access.point.type,ezproxy,EZproxy,EZproxy,,
access.point.type,ip,IP,IP,,
access.point.type,oa,OpenAthens,OpenAthens,,
access.point.type,proxy,Proxy,Proxy,,
access.point.type,shibboleth,Shibboleth,Shibboleth,,
access.point.type,vpn,VPN,VPN,,
address.type,Billing address,Rechnungsanschrift,Billing address,,
address.type,Delivery address,Lieferanschrift,Delivery address,,
address.type,Legal patron address,Anschrift des rechtlichen Trägers,Legal patron address,,
address.type,Library address,Anschrift,Library address,,
address.type,Postal address,Postanschrift,Postal address,,
authority,Author,Autor,Author,,
authority,Author and Institution,Autor und Institution,Author and Institution,,
authority,Institution,Institution,Institution,,
authority,Research Funding Institution,Forschungsförderer,Research Funding Institution,,
category.a.f,A,A - Uni mit juristischer Fakultät über 2.000 Jurastudenten,A - Uni mit juristischer Fakultät über 2.000 Jurastudenten,,
category.a.f,B,B - Uni mit juristischer Fakultät unter 2.000 Jurastudenten,B - Uni mit juristischer Fakultät unter 2.000 Jurastudenten,,
category.a.f,C,C - Uni ohne juristische Fakultät / Staatsbibliotheken,C - Uni ohne juristische Fakultät / Staatsbibliotheken,,
category.a.f,D,D - FH mit juristischem Studienabschluss,D - FH mit juristischem Studienabschluss,,
category.a.f,E,"E - sonstige wiss. Bibliotheken, Spezialbibliotheken","E - sonstige wiss. Bibliotheken, Spezialbibliotheken",,
category.a.f,F,F - FH ohne juristischen Studienabschluss / Stadtbibliothek,F - FH ohne juristischen Studienabschluss / Stadtbibliothek,,
category.bautabellen,Studierende Bauwesen bis 200,Studierende Bauwesen bis 200,Students of construction engineering up to 200,,
category.bautabellen,Studierende Bauwesen bis 500,Studierende Bauwesen bis 500,Students of construction engineering up to 500,,
category.bautabellen,Studierende Bauwesen bis 800,Studierende Bauwesen bis 800,Students of construction engineering up to 800,,
category.bautabellen,Studierende Bauwesen bis 1200,Studierende Bauwesen bis 1200,Students of construction engineering up to 1200,,
category.bautabellen,Studierende Bauwesen bis 2000,Studierende Bauwesen bis 2000,Students of construction engineering up to 2000,,
category.bautabellen,Studierende Bauwesen über 2000,Studierende Bauwesen über 2000,Students of construction engineering beyond 2000,,
category.euromonitor,Euromonitor 0,"Uni, FH 0-1.999 FTE","University, high school 0-1,999 FTE",,
category.euromonitor,Euromonitor 2000,"Uni, FH 2.000-4.999 FTE","University, high school 2,000-4,999 FTE",,
category.euromonitor,Euromonitor 5000,"Uni, FH 5.000-9.999 FTE","University, high school 5,000-9,999 FTE",,
category.euromonitor,Euromonitor 10000,"Uni, FH 10.000-14.999 FTE","University, high school 10,000-14,999 FTE",,
category.euromonitor,Euromonitor 15000,"Uni, FH 15.000-19.999 FTE","University, high school 15,000-19,999 FTE",,
category.euromonitor,Euromonitor 20000,"Uni, FH 20.000-30.999 FTE","University, high school 20,000-30,000 FTE",,
category.euromonitor,Euromonitor National Library,National Library,National Library,,
category.euromonitor,Euromonitor State or National Subject Library,State or National Subject Library,State or National Subject Library,,
category.euromonitor,Euromonitor Research Centre,Research Centre,Research Centre,,
category.igi,IGI 0,0-2499 FTE,0-2499 FTE,,
category.igi,IGI 2500,2500-9999 FTE,2500-9999 FTE,,
category.igi,IGI 10000,10000-24999 FTE,10000-24999 FTE,,
category.igi,IGI 25000,25000+ FTE,25000+ FTE,,
category.juris,juris A,A – Hochschulen oder Universitäten ohne Studiengang mit juristischem Abschluss,A – high schools or universities without juridical degree programme,,
category.juris,juris B1,"B1 – Universitäten mit Studiengang inkl. juristischem Abschluss, FTE bis 2000","B1 – universities with juridical degree programme, FTE up to 2000",,
category.juris,juris B2,"B2 – Universitäten mit Studiengang inkl. juristischem Abschluss, FTE 2001-4000","B2 – universities with juridical degree programme, FTE 2001-4000",,
category.juris,juris B3,"B3 – Universitäten mit Studiengang inkl. juristischem Abschluss, FTE über 4001","B3 – universities with juridical degree programme, FTE beyond 4001",,
category.juris,juris C,C - Hochschulen mit Studiengang inkl. juristischem Abschluss,C – high schools with juridical degree programme,,
category.juris,juris D,D - Verwaltungshochschulen,D - administrative high schools,,
category.juris,juris E,E - Wissenschaftliche Bibliotheken,E - scientific libraries,,
category.unwto,UNWTO 0,FTE gesamt bis 2000 & Tourismus-FTE bis 50,Total FTE up to 2000 & FTE tourism up to 50,,
category.unwto,UNWTO 51,FTE gesamt bis 2000 & Tourismus-FTE 51-150,Total FTE up to 2000 & FTE tourism 51-150,,
category.unwto,UNWTO 151,FTE gesamt bis 2000 & Tourismus-FTE 151-400,Total FTE up to 2000 & FTE tourism 151-400,,
category.unwto,UNWTO 401,FTE gesamt bis 2000 & Tourismus-FTE 401-1000,Total FTE up to 2000 & FTE tourism 401-1000,,
category.unwto,UNWTO 1001,FTE gesamt bis 2000 & Tourismus-FTE 1001-2000,Total FTE up to 2000 & FTE tourism 1001-2000,,
category.unwto,UNWTO 2001,FTE gesamt 2001-5000 & Tourismus-FTE bis 400,Total FTE 2001-5000 & FTE tourism up to 400,,
category.unwto,UNWTO 2001 401,FTE gesamt 2001-5000 & Tourismus-FTE 401-1000,Total FTE 2001-5000 & FTE tourism 401-1000,,
category.unwto,UNWTO 2001 1001,FTE gesamt 2001-5000 & Tourismus-FTE ab 1001,Total FTE 2001-5000 & FTE tourism beyond 1001,,
category.unwto,UNWTO 5001,FTE gesamt 5001-10.000,"Total FTE 5001-10,000",,
category.unwto,UNWTO 10001,FTE gesamt 10.001-20.000,"Total FTE 10,000-20,000",,
category.unwto,UNWTO 20001,FTE gesamt ab 20.001,"Total FTE beyond 20,000",,
category.world.bank,World Bank 1,1-300 FTE,1-300 FTE,,
category.world.bank,World Bank 301,301-1000 FTE,301-1000 FTE,,
category.world.bank,World Bank 1001,1001-3000 FTE,1001-3000 FTE,,
category.world.bank,World Bank 3001,3001-10000 FTE,3001-10000 FTE,,
category.world.bank,World Bank 10001,10001-20000 FTE,10001-20000 FTE,,
category.world.bank,World Bank 20001,20001-30000 FTE,20001-30000 FTE,,
category.world.bank,World Bank 30001,30001-100000 FTE,30001-100000 FTE,,
combo.status,Active,Aktiv,Active,,
combo.status,Inactive,Inaktiv,Inactive,,
combo.type,Consortium,Konsortium,Consortium,,
combo.type,Department,Institut,Department,,
concurrent.access,No limit,Ohne Begrenzung,No limit,,
concurrent.access,Not Specified,Nicht festgelegt,Not Specified,,
concurrent.access,Other,Andere,Other,,
concurrent.access,Specified,Festgelegt,Specified,,
confidentiality,All,Alles,All,,
confidentiality,All but user terms,Alles außer Nutzungsbedingungen,All but user terms,,
confidentiality,Financial only,Nur Finanzangelegenheiten,Financial only,,
confidentiality,No,Nein,No,,
confidentiality,Unknown,Unklar,Unknown,,
contact.content.type,E-Mail,E-Mail,E-Mail,,
contact.content.type,Fax,Fax,Fax,,
contact.content.type,Phone,Telefon,Phone,,
contact.content.type,Url,Url,Url,,
contact.content.type,Mobil,Mobil,Mobil,,
contact.content.type,Phone 2,Telefon 2,Phone 2,,
contact.type,Job-related,Geschäftlich,Job-related,,
contact.type,Personal,Privat,Personal,,
core.status,Electronic,Elektronisch,Electronic,,
core.status,No,Nein,No,,
core.status,Print,Print,Print,,
core.status,Print+Electronic,Print & Elektronisch,Print+Electronic,,
core.status,Yes,Ja,Yes,,
cost.configuration,negative,negativ,negative,,
cost.configuration,neutral,neutral,neutral,,
cost.configuration,positive,positiv,positive,,
cost.item.category,Bank Charge,Bank Charge,Bank Charge,,
cost.item.category,Other,Andere,Other,,
cost.item.category,Price,Preis,Price,,
cost.item.category,Refund,Erstattung,Refund,,
cost.item.element,additionalclaim: currency rate,Nachforderung aus Kursdifferenz,additionalclaim: currency rate,,
cost.item.element,additionalclaim: other,Nachforderung: Sonstige,additionalclaim: other,,
cost.item.element,discount: alliance licence discount,Rabatt für Allianzlizenz,discount: alliance licence discount,,
cost.item.element,discount: consortial discount,Rabatt: Konsortialrabatt,discount: consortial discount,,
cost.item.element,discount: early pay discount,Rabatt: Frühzahlerrabatt,discount: early pay discount,,
cost.item.element,discount: multiyear discount,Rabatt für Mehrjahresvertrag,discount: multiyear discount,,
cost.item.element,discount: other,Rabatt: Sonstige,discount: other,,
cost.item.element,discount: quantity discount,Rabatt: Mengenrabatt,discount: quantity discount,,
cost.item.element,discount: single payment discount,Rabatt für eine Rechnung via Konsortium,discount: single payment discount,,
cost.item.element,fee: administration,Gebühr: Verwaltungsgebühr,fee: administration,,
cost.item.element,fee: bank charge,Gebühr: Bankgebühr,fee: bank charge,,
cost.item.element,fee: invoicing,Gebühr: Rechnungsstellungsgebühr,fee: invoicing,,
cost.item.element,fee: membership,Gebühr: Mitgliedschaft,fee: membership,,
cost.item.element,fee: other,Gebühr: Sonstige,fee: other,,
cost.item.element,fee: setup,Gebühr: SetUp-Gebühr,fee: setup,,
cost.item.element,fee: technical access,Gebühr: Plattformgebühr,fee: technical access,,
cost.item.element,price: consortial price,Preis: Konsortialpreis,price: consortial price,,
cost.item.element,price: final price,Preis: Endpreis,price: final price,,
cost.item.element,price: list price,Preis: Listenpreis,price: list price,,
cost.item.element,price: other,Preis: Sonstige,price: other,,
cost.item.element,price: print share,Preis: Printanteil,price: print share,,
cost.item.element,price: print only,Preis: Print only,price: print only,,
cost.item.element,price: publishing share,Preis: Publishing-Anteil,price: publishing share,,
cost.item.element,price: reading share,Preis: Reading-Anteil,price: reading share,,
cost.item.element,price: online only,Preis: Online only,price: online only,,
cost.item.element,price: online share,Preis: Onlineanteil,price: online share,,
cost.item.element,price: provider price,Preis: Anbieterpreis,price: provider price,,
cost.item.element,price: short term loan,Preis: Short-Term-Loan,price: short term loan,,
cost.item.element,price: update fee,Preis: Update-Fee,price: update fee,,
cost.item.element,refund: currency rate,Erstattung: Kursgutschrift,refund: currency rate,,
cost.item.element,refund: OA,Erstattung: Open-Access-Gutschrift,refund: OA,,
cost.item.element,refund: other,Erstattung: Sonstige,refund: other,,
cost.item.element,refund: retransfer,Erstattung: Rücküberweisung,refund: retransfer,,
cost.item.element,refund: subsidies,Erstattung: Fördermittel,refund: subsidies,Teilweise Erstattung von Fördermitteln durch ein Konsortium,
cost.item.element,refund: system downtime,Erstattung: Ersatz für Ausfallzeiten,refund: system downtime,,
cost.item.element,special funds: central funding,Sondermittel: Zentralmittel,special funds: central funding,,
cost.item.element,tax: purchase tax 19,Steuer: Umsatzsteuer 19%,tax: purchase tax 19%,,
cost.item.element,tax: purchase tax 7,Steuer: Umsatzsteuer 7%,tax: purchase tax 7%,,
cost.item.element,tax: source tax,Steuer: Quellensteuer,tax:  source tax,,
cost.item.status,Actual,feststehend,Actual,,
cost.item.status,Calculated,kalkuliert,Calculated,,
cost.item.status,Commitment,zugesagt,Commitment,,
cost.item.status,Deleted,Gelöscht,Deleted,,
cost.item.status,Estimate,geschätzt,Estimate,,
cost.item.status,Other,Sonstige,Other,,
cost.item.type,Actual,Konkrete Instanz,Actual,,
cost.item.type,Template,Vorlage,Template,,
country,AD,Andorra,Andorra,,
country,AE,Vereinigte Arabische Emirate,United Arab Emirates,,
country,AF,Afghanistan,Afghanistan,,
country,AG,Antigua und Barbuda,Antigua and Barbuda,,
country,AI,Anguilla,Anguilla,,
country,AL,Albanien,Albania,,
country,AM,Armenien,Armenia,,
country,AO,Angola,Angola,,
country,AQ,Antarktis,Antarctica,,
country,AR,Argentinien,Argentina,,
country,AS,"Samoa, amerikanischer Teil",American Samoa,,
country,AT,Österreich,Austria,,
country,AU,Australien,Australia,,
country,AW,Aruba,Aruba,,
country,AX,Åland,Åland Islands,,
country,AZ,Aserbaidschan,Azerbaijan,,
country,BA,Bosnien-Herzegowina,Bosnia and Herzegovina,,
country,BB,Barbados,Barbados,,
country,BD,Bangladesh,Bangladesh,,
country,BE,Belgien,Belgium,,
country,BF,Burkina Faso,Burkina Faso,,
country,BG,Bulgarien,Bulgaria,,
country,BH,Bahrain,Bahrain,,
country,BI,Burundi,Burundi,,
country,BJ,Benin,Benin,,
country,BL,St. Barthélemy,Saint Barthélemy,,
country,BM,Bermuda,Bermuda,,
country,BN,Brunei,Brunei Darussalam,,
country,BO,Bolivien,"Bolivia, Plurinational State of",,
country,BQ,Karibische Niederlande,"Bonaire, Sint Eustatius and Saba",,
country,BR,Brasilien,Brazil,,
country,BS,Bahamas,Bahamas,,
country,BT,Bhutan,Bhutan,,
country,BV,Bouvet-Insel,Bouvet Island,,
country,BW,Botswana,Botswana,,
country,BY,Belarus,Belarus,,
country,BZ,Belize,Belize,,
country,CA,Kanada,Canada,,
country,CC,Kokos-Insel (Keeling),Cocos (Keeling) Islands,,
country,CD,"Kongo, demokratische Republik","Congo, the Democratic Republic of the",,
country,CF,Zentralafrika,Central African Republic,,
country,CG,Kongo (Republik),Congo,,
country,CH,Schweiz,Switzerland,,
country,CI,Elfenbeinküste,Côte d'Ivoire,,
country,CK,Cook-Inseln,Cook Islands,,
country,CL,Chile,Chile,,
country,CM,Kamerun,Cameroon,,
country,CN,China (Volksrepublik),China,,
country,CO,Kolumbien,Colombia,,
country,CR,Costa Rica,Costa Rica,,
country,CU,Kuba,Cuba,,
country,CV,Kapverdische Inseln,Cape Verde,,
country,CW,Curaçao,Curaçao,,
country,CX,Weihnachtsinseln (indischer Ozean),Christmas Island,,
country,CY,Zypern,Cyprus,,
country,CZ,Tschechische Republik,Czech Republic,,
country,DE,Deutschland,Germany,,
country,DJ,Djibouti,Djibouti,,
country,DK,Dänemark,Denmark,,
country,DM,Dominica,Dominica,,
country,DO,Dominikanische Republik,Dominican Republic,,
country,DZ,Algerien,Algeria,,
country,EC,Ekuador,Ecuador,,
country,EE,Estland,Estonia,,
country,EG,Ägypten,Egypt,,
country,EH,Westsahara,Western Sahara,,
country,ER,Eritrea,Eritrea,,
country,ES,Spanien,Spain,,
country,ET,Äthiopien,Ethiopia,,
country,FI,Finnland,Finland,,
country,FJ,Fidschi,Fiji,,
country,FK,Falkland-Inseln,Falkland Islands (Malvinas),,
country,FM,Mikronesien (Föderierte Staaten von),"Micronesia, Federated States of",,
country,FO,Färöer-Inseln,Faroe Islands,,
country,FR,Frankreich,France,,
country,GA,Gabun,Gabon,,
country,GB,Grossbritannien und Nordirland,United Kingdom,,
country,GD,Grenada,Grenada,,
country,GE,Georgien,Georgia,,
country,GF,Französisch-Guyana,French Guiana,,
country,GG,Guernsey,Guernsey,,
country,GH,Ghana,Ghana,,
country,GI,Gibraltar,Gibraltar,,
country,GL,Grönland,Greenland,,
country,GM,Gambia,Gambia,,
country,GN,Guinea (Republik),Guinea,,
country,GP,Guadeloupe,Guadeloupe,,
country,GQ,Äquatorial-Guinea,Equatorial Guinea,,
country,GR,Griechenland,Greece,,
country,GS,Südgeorgien und die südlichen Sandwichinseln,South Georgia and the South Sandwich Islands,,
country,GT,Guatemala,Guatemala,,
country,GU,Guam,Guam,,
country,GW,Guinea-Bissau,Guinea-Bissau,,
country,GY,Guyana,Guyana,,
country,HK,Hongkong,Hong Kong,,
country,HM,Heard- und McDonald-Inseln,Heard Island and McDonald Islands,,
country,HN,Honduras,Honduras,,
country,HR,Kroatien,Croatia,,
country,HT,Haiti,Haiti,,
country,HU,Ungarn,Hungary,,
country,ID,Indonesien,Indonesia,,
country,IE,Irland,Ireland,,
country,IL,Israel,Israel,,
country,IM,"Man, Insel",Isle of Man,,
country,IN,Indien,India,,
country,IO,Britisches Territorium im indischen Ozean,British Indian Ocean Territory,,
country,IQ,Irak,Iraq,,
country,IR,Iran,"Iran, Islamic Republic of",,
country,IS,Island,Iceland,,
country,IT,Italien,Italy,,
country,JE,Jersey,Jersey,,
country,JM,Jamaika,Jamaica,,
country,JO,Jordanien,Jordan,,
country,JP,Japan,Japan,,
country,KE,Kenia,Kenya,,
country,KG,Kirgisistan,Kyrgyzstan,,
country,KH,Kambodscha,Cambodia,,
country,KI,Kiribati,Kiribati,,
country,KM,Komoren,Comoros,,
country,KN,St. Christoph (St. Kitts) und Nevis,Saint Kitts and Nevis,,
country,KP,"Korea, demokratische Volksrepublik (Nordkorea)","Korea, Democratic People's Republic of",,
country,KR,"Korea, Republik (Südkorea)","Korea, Republic of",,
country,KW,Kuwait,Kuwait,,
country,KY,Cayman,Cayman Islands,,
country,KZ,Kasachstan,Kazakhstan,,
country,LA,Laos,Lao People's Democratic Republic,,
country,LB,Libanon,Lebanon,,
country,LC,St. Lucia,Saint Lucia,,
country,LI,Liechtenstein,Liechtenstein,,
country,LK,Sri Lanka,Sri Lanka,,
country,LR,Liberia,Liberia,,
country,LS,Lesotho,Lesotho,,
country,LT,Litauen,Lithuania,,
country,LU,Luxemburg,Luxembourg,,
country,LV,Lettland,Latvia,,
country,LY,Libyen,Libya,,
country,MA,Marokko,Morocco,,
country,MC,Monaco,Monaco,,
country,MD,Moldova,"Moldova, Republic of",,
country,ME,"Montenegro, Republik",Montenegro,,
country,MF,St. Martin,Saint Martin (French part),,
country,MG,Madagaskar,Madagascar,,
country,MH,Marshall-Inseln,Marshall Islands,,
country,MK,"Mazedonien, ehemalige jugoslawische Republik","Macedonia, the Former Yugoslav Republic of",,
country,ML,Mali,Mali,,
country,MM,Myanmar (Union),Myanmar,,
country,MN,Mongolei,Mongolia,,
country,MO,Macao,Macao,,
country,MP,Marianen-Inseln,Northern Mariana Islands,,
country,MQ,Martinique,Martinique,,
country,MR,Mauretanien,Mauritania,,
country,MS,Montserrat,Montserrat,,
country,MT,Malta,Malta,,
country,MU,"Mauritius, Insel",Mauritius,,
country,MV,Malediven,Maldives,,
country,MW,Malawi,Malawi,,
country,MX,Mexiko,Mexico,,
country,MY,Malaysia,Malaysia,,
country,MZ,Mosambik,Mozambique,,
country,NA,Namibia,Namibia,,
country,NC,Neukaledonien,New Caledonia,,
country,NE,Niger,Niger,,
country,NF,Norfolk-Insel,Norfolk Island,,
country,NG,Nigeria,Nigeria,,
country,NI,Nicaragua,Nicaragua,,
country,NL,Niederlande,Netherlands,,
country,NO,Norwegen,Norway,,
country,NP,Nepal,Nepal,,
country,NR,Nauru,Nauru,,
country,NU,Niue,Niue,,
country,NZ,Neuseeland,New Zealand,,
country,OM,Oman,Oman,,
country,PA,Panama,Panama,,
country,PE,Peru,Peru,,
country,PF,Französisch-Polynesien,French Polynesia,,
country,PG,Papua-Neuguinea,Papua New Guinea,,
country,PH,Philippinen,Philippines,,
country,PK,Pakistan,Pakistan,,
country,PL,Polen,Poland,,
country,PM,St. Pierre und Miquelon,Saint Pierre and Miquelon,,
country,PN,Pitcairn,Pitcairn,,
country,PR,Puerto Rico,Puerto Rico,,
country,PS,Palästina,"Palestine, State of",,
country,PT,Portugal,Portugal,,
country,PW,Palau,Palau,,
country,PY,Paraguay,Paraguay,,
country,QA,Qatar,Qatar,,
country,RE,Réunion,Réunion,,
country,RO,Rumänien,Romania,,
country,RS,"Serbien,  Republik",Serbia,,
country,RU,Russische Föderation,Russian Federation,,
country,RW,Rwanda,Rwanda,,
country,SA,Saudi-Arabien,Saudi Arabia,,
country,SB,Salomon-Inseln,Solomon Islands,,
country,SC,Seychellen,Seychelles,,
country,SD,Sudan,Sudan,,
country,SE,Schweden,Sweden,,
country,SG,Singapur,Singapore,,
country,SH,"St. Helena, Ascension und Tristan da Cunha","Saint Helena, Ascension and Tristan da Cunha",,
country,SI,Slowenien,Slovenia,,
country,SJ,Svalbard und Insel Jan Mayen,Svalbard and Jan Mayen,,
country,SK,Slowakische Republik,Slovakia,,
country,SL,Sierra Leone,Sierra Leone,,
country,SM,San Marino,San Marino,,
country,SN,Senegal,Senegal,,
country,SO,Somalia,Somalia,,
country,SR,Suriname,Suriname,,
country,SS,Südsudan,South Sudan,,
country,ST,St. Thomas und Principe,Sao Tome and Principe,,
country,SV,El Salvador,El Salvador,,
country,SX,St. Maarten,Sint Maarten (Dutch part),,
country,SY,Syrien,Syrian Arab Republic,,
country,SZ,Swasiland,Swaziland,,
country,TC,Turks und Caicos,Turks and Caicos Islands,,
country,TD,Tschad,Chad,,
country,TF,Französische Süd- und Antarktisgebiete,French Southern Territories,,
country,TG,Togo,Togo,,
country,TH,Thailand,Thailand,,
country,TJ,Tadschikistan,Tajikistan,,
country,TK,Tokelau,Tokelau,,
country,TL,Timor-Leste,Timor-Leste,,
country,TM,Turkmenistan,Turkmenistan,,
country,TN,Tunesien,Tunisia,,
country,TO,Tonga,Tonga,,
country,TR,Türkei,Turkey,,
country,TT,Trinidad und Tobago,Trinidad and Tobago,,
country,TV,Tuvalu,Tuvalu,,
country,TW,Taiwan (Chinesisches Taipei),"Taiwan, Province of China",,
country,TZ,Tansania,"Tanzania, United Republic of",,
country,UA,Ukraine,Ukraine,,
country,UG,Uganda,Uganda,,
country,UM,"Amerikanische Überseeinseln, kleinere",United States Minor Outlying Islands,,
country,US,Vereinigte Staaten von Amerika,United States,,
country,UY,Uruguay,Uruguay,,
country,UZ,Usbekistan,Uzbekistan,,
country,VA,Vatikan,Holy See (Vatican City State),,
country,VC,St. Vincent und Grenadinen,Saint Vincent and the Grenadines,,
country,VE,Venezuela,"Venezuela, Bolivarian Republic of",,
country,VG,britischer Teil (Tortola),"Virgin Islands, British,Virginische Inseln",,
country,VI,Amerikanische Jungferninseln,"Virgin Islands, U.S.",,
country,VN,Vietnam,Viet Nam,,
country,VU,Vanuatu,Vanuatu,,
country,WF,Wallis und Futuna,Wallis and Futuna,,
country,WS,"Samoa, West",Samoa,,
country,YE,Jemen,Yemen,,
country,YT,Mayotte,Mayotte,,
country,ZA,Südafrika,South Africa,,
country,ZM,Sambia,Zambia,,
country,ZW,Zimbabwe,Zimbabwe,,
creator.type,Author,Autor,Author,,
creator.type,Editor,Herausgeber,Editor,,
currency,AED,AED,AED,,
currency,AFN,AFN,AFN,,
currency,ALL,ALL,ALL,,
currency,AMD,AMD,AMD,,
currency,ANG,ANG,ANG,,
currency,AOA,AOA,AOA,,
currency,ARS,ARS,ARS,,
currency,AUD,AUD,AUD,,
currency,AWG,AWG,AWG,,
currency,AZN,AZN,AZN,,
currency,BAM,BAM,BAM,,
currency,BBD,BBD,BBD,,
currency,BDT,BDT,BDT,,
currency,BGN,BGN,BGN,,
currency,BHD,BHD,BHD,,
currency,BIF,BIF,BIF,,
currency,BMD,BMD,BMD,,
currency,BND,BND,BND,,
currency,BOB,BOB,BOB,,
currency,BRL,BRL,BRL,,
currency,BSD,BSD,BSD,,
currency,BTN,BTN,BTN,,
currency,BWP,BWP,BWP,,
currency,BYR,BYR,BYR,,
currency,BZD,BZD,BZD,,
currency,CAD,CAD,CAD,,
currency,CDF,CDF,CDF,,
currency,CHF,CHF,CHF,,
currency,CLP,CLP,CLP,,
currency,CNY,CNY,CNY,,
currency,COP,COP,COP,,
currency,CRC,CRC,CRC,,
currency,CUC,CUC,CUC,,
currency,CUP,CUP,CUP,,
currency,CVE,CVE,CVE,,
currency,CZK,CZK,CZK,,
currency,DJF,DJF,DJF,,
currency,DKK,DKK,DKK,,
currency,DOP,DOP,DOP,,
currency,DZD,DZD,DZD,,
currency,EGP,EGP,EGP,,
currency,ERN,ERN,ERN,,
currency,ETB,ETB,ETB,,
currency,EUR,EUR,EUR,,
currency,FJD,FJD,FJD,,
currency,FKP,FKP,FKP,,
currency,GBP,GBP,GBP,,
currency,GEL,GEL,GEL,,
currency,GGP,GGP,GGP,,
currency,GHS,GHS,GHS,,
currency,GIP,GIP,GIP,,
currency,GMD,GMD,GMD,,
currency,GNF,GNF,GNF,,
currency,GTQ,GTQ,GTQ,,
currency,GYD,GYD,GYD,,
currency,HKD,HKD,HKD,,
currency,HNL,HNL,HNL,,
currency,HRK,HRK,HRK,,
currency,HTG,HTG,HTG,,
currency,HUF,HUF,HUF,,
currency,IDR,IDR,IDR,,
currency,ILS,ILS,ILS,,
currency,IMP,IMP,IMP,,
currency,INR,INR,INR,,
currency,IQD,IQD,IQD,,
currency,IRR,IRR,IRR,,
currency,ISK,ISK,ISK,,
currency,JEP,JEP,JEP,,
currency,JMD,JMD,JMD,,
currency,JOD,JOD,JOD,,
currency,JPY,JPY,JPY,,
currency,KES,KES,KES,,
currency,KGS,KGS,KGS,,
currency,KHR,KHR,KHR,,
currency,KMF,KMF,KMF,,
currency,KPW,KPW,KPW,,
currency,KRW,KRW,KRW,,
currency,KWD,KWD,KWD,,
currency,KYD,KYD,KYD,,
currency,KZT,KZT,KZT,,
currency,LAK,LAK,LAK,,
currency,LBP,LBP,LBP,,
currency,LKR,LKR,LKR,,
currency,LRD,LRD,LRD,,
currency,LSL,LSL,LSL,,
currency,LYD,LYD,LYD,,
currency,MAD,MAD,MAD,,
currency,MDL,MDL,MDL,,
currency,MGA,MGA,MGA,,
currency,MKD,MKD,MKD,,
currency,MMK,MMK,MMK,,
currency,MNT,MNT,MNT,,
currency,MOP,MOP,MOP,,
currency,MRO,MRO,MRO,,
currency,MUR,MUR,MUR,,
currency,MVR,MVR,MVR,,
currency,MWK,MWK,MWK,,
currency,MXN,MXN,MXN,,
currency,MYR,MYR,MYR,,
currency,MZN,MZN,MZN,,
currency,NAD,NAD,NAD,,
currency,NGN,NGN,NGN,,
currency,NIO,NIO,NIO,,
currency,NOK,NOK,NOK,,
currency,NPR,NPR,NPR,,
currency,NZD,NZD,NZD,,
currency,OMR,OMR,OMR,,
currency,PAB,PAB,PAB,,
currency,PEN,PEN,PEN,,
currency,PGK,PGK,PGK,,
currency,PHP,PHP,PHP,,
currency,PKR,PKR,PKR,,
currency,PLN,PLN,PLN,,
currency,PYG,PYG,PYG,,
currency,QAR,QAR,QAR,,
currency,RON,RON,RON,,
currency,RSD,RSD,RSD,,
currency,RUB,RUB,RUB,,
currency,RWF,RWF,RWF,,
currency,SAR,SAR,SAR,,
currency,SBD,SBD,SBD,,
currency,SCR,SCR,SCR,,
currency,SDG,SDG,SDG,,
currency,SEK,SEK,SEK,,
currency,SGD,SGD,SGD,,
currency,SHP,SHP,SHP,,
currency,SLL,SLL,SLL,,
currency,SOS,SOS,SOS,,
currency,SPL,SPL,SPL,,
currency,SRD,SRD,SRD,,
currency,STD,STD,STD,,
currency,SVC,SVC,SVC,,
currency,SYP,SYP,SYP,,
currency,SZL,SZL,SZL,,
currency,THB,THB,THB,,
currency,TJS,TJS,TJS,,
currency,TMT,TMT,TMT,,
currency,TND,TND,TND,,
currency,TOP,TOP,TOP,,
currency,TRY,TRY,TRY,,
currency,TTD,TTD,TTD,,
currency,TVD,TVD,TVD,,
currency,TWD,TWD,TWD,,
currency,TZS,TZS,TZS,,
currency,UAH,UAH,UAH,,
currency,UGX,UGX,UGX,,
currency,USD,USD,USD,,
currency,UYU,UYU,UYU,,
currency,UZS,UZS,UZS,,
currency,VEF,VEF,VEF,,
currency,VND,VND,VND,,
currency,VUV,VUV,VUV,,
currency,WST,WST,WST,,
currency,XAF,XAF,XAF,,
currency,XCD,XCD,XCD,,
currency,XDR,XDR,XDR,,
currency,XOF,XOF,XOF,,
currency,XPF,XPF,XPF,,
currency,YER,YER,YER,,
currency,ZAR,ZAR,ZAR,,
currency,ZMW,ZMW,ZMW,,
currency,ZWD,ZWD,ZWD,,
customer.identifier.type,Default,Default,Default,,
dbs.subject.group,235,19.1  – Allgemeines (Frage 235),19.1  – Allgemeines (Frage 235),,
dbs.subject.group,240,19.2 – Philosophie (Frage 240),19.2 – Philosophie (Frage 240),,
dbs.subject.group,245,19.3 – Psychologie (Frage 240),19.3 – Psychologie (Frage 240),,
dbs.subject.group,250,19.4 – Religion und Theologie (Frage 250),19.4 – Religion und Theologie (Frage 250),,
dbs.subject.group,255,"19.5 – Erziehung, Bildung, Unterricht (Frage 255)","19.5 – Erziehung, Bildung, Unterricht (Frage 255)",,
dbs.subject.group,260,"19.6 – Soziologie, Gesellschaft, Statistik (Frage 260)","19.6 – Soziologie, Gesellschaft, Statistik (Frage 260)",,
dbs.subject.group,265,"19.7 – Politik, Öffentliche Verwaltung, Militär (Frage 265)","19.7 – Politik, Öffentliche Verwaltung, Militär (Frage 265)",,
dbs.subject.group,270,"19.8 – Wirtschaft, Arbeit, Tourismusindustrie (Frage 270)","19.8 – Wirtschaft, Arbeit, Tourismusindustrie (Frage 270)",,
dbs.subject.group,275,19.9 – Recht (Frage 275),19.9 – Recht (Frage 275),,
dbs.subject.group,280,"19.10 – Natur, Naturwissenschaft allgemein (Frage 280)","19.10 – Natur, Naturwissenschaft allgemein (Frage 280)",,
dbs.subject.group,285,19.11 – Mathematik (Frage 285),19.11 – Mathematik (Frage 285),,
dbs.subject.group,290,"19.12 – Informatik, Kybernetik (Frage 290)","19.12 – Informatik, Kybernetik (Frage 290)",,
dbs.subject.group,295,"19.13 – Physik, Astronomie (Frage 295)","19.13 – Physik, Astronomie (Frage 295)",,
dbs.subject.group,300,19.14 – Chemie (Frage 300),19.14 – Chemie (Frage 300),,
dbs.subject.group,305,"19.15 - Geowissenschaften, Bergbau (Frage 305)","19.15 - Geowissenschaften, Bergbau (Frage 305)",,
dbs.subject.group,310,19.16 – Biologie (Frage 310),19.16 – Biologie (Frage 310),,
dbs.subject.group,315,"19.17 – Medizin, Veterinärmedizin (Frage 315)","19.17 – Medizin, Veterinärmedizin (Frage 315)",,
dbs.subject.group,320,"19.18 – Technik, Grundlagen (Frage 320)","19.18 – Technik, Grundlagen (Frage 320)",,
dbs.subject.group,325,"19.19 – Maschinenbau inkl. Werkstoffwiss., Fertigungstechnik, Technik der Verkehrsmittel, Mikrotechnik, Verfahrenstechnik (Frage 325)","19.19 – Maschinenbau inkl. Werkstoffwiss., Fertigungstechnik, Technik der Verkehrsmittel, Mikrotechnik, Verfahrenstechnik (Frage 325)",,
dbs.subject.group,330,"19.20 – Elektrotechnik inkl. Elektronik, Kommunikationstechnik, Energietechnik (Frage 330)","19.20 – Elektrotechnik inkl. Elektronik, Kommunikationstechnik, Energietechnik (Frage 330)",,
dbs.subject.group,335,"19.21 – Bauingenieurwesen, Bergbautechnik (Frage 335)","19.21 – Bauingenieurwesen, Bergbautechnik (Frage 335)",,
dbs.subject.group,340,"19.22 – Agrar- und Forstwissenschaft, Haushalts- und Ernährungswiss., Lebensmitteltechnologie (Frage 340)","19.22 – Agrar- und Forstwissenschaft, Haushalts- und Ernährungswiss., Lebensmitteltechnologie (Frage 340)",,
dbs.subject.group,345,"19.23 – Umweltschutz, Raumordnung, Landschaftsgestaltung (Frage 345)","19.23 – Umweltschutz, Raumordnung, Landschaftsgestaltung (Frage 345)",,
dbs.subject.group,350,"19.24 – Architektur, Bildende Kunst, Photographie (Frage 350)","19.24 – Architektur, Bildende Kunst, Photographie (Frage 350)",,
dbs.subject.group,355,"19.25 – Musik, Theater, Tanz, Film (Frage 355)","19.25 – Musik, Theater, Tanz, Film (Frage 355)",,
dbs.subject.group,360,19.26 – Sport (Frage 360),19.26 – Sport (Frage 360),,
dbs.subject.group,365,19.27 – Allgemeine und Vergleichende Sprach- und Literaturwissenschaft (Frage 365),19.27 – Allgemeine und Vergleichende Sprach- und Literaturwissenschaft (Frage 365),,
dbs.subject.group,370,19.28 – Englische Sprach- und Literaturwissenschaft (Frage 370),19.28 – Englische Sprach- und Literaturwissenschaft (Frage 370),,
dbs.subject.group,375,19.29 – Deutsche Sprach- und Literaturwissenschaft (Frage 375),19.29 – Deutsche Sprach- und Literaturwissenschaft (Frage 375),,
dbs.subject.group,380,19.30 – Romanische Sprach- und Literaturwissenschaft (Frage 380),19.30 – Romanische Sprach- und Literaturwissenschaft (Frage 380),,
dbs.subject.group,385,19.31 – Klassische Sprach- und Literaturwissenschaft (Frage 385),19.31 – Klassische Sprach- und Literaturwissenschaft (Frage 385),,
dbs.subject.group,390,19.32 – Slawische und baltische Sprach- und Literaturwissenschaft (Frage 390),19.32 – Slawische und baltische Sprach- und Literaturwissenschaft (Frage 390),,
dbs.subject.group,395,19.33 – Sprach- und Literaturwissenschaft sonstiger Sprachen (Frage 395),19.33 – Sprach- und Literaturwissenschaft sonstiger Sprachen (Frage 395),,
dbs.subject.group,400,"19.34 – Archäologie, Geschichte, einschl. Sozial- und Wirtschaftsgeschichte (Frage 400)","19.34 – Archäologie, Geschichte, einschl. Sozial- und Wirtschaftsgeschichte (Frage 400)",,
dbs.subject.group,405,"19.35 – Geographie, Heimat- und Länderkunde, Reisen, Atlanten, Volks- und Völkerkunde (Frage 405)","19.35 – Geographie, Heimat- und Länderkunde, Reisen, Atlanten, Volks- und Völkerkunde (Frage 405)",,
document.context.status,Deleted,Gelöscht,Deleted,,
document.type,Addendum,Zusatz,Addendum,,
document.type,Announcement,Angekündigung,Announcement,,
document.type,Announcement,Ankündigung,Announcement,,
document.type,Costs,Preise,Costs,,
document.type,General,Allgemein,General,,
document.type,Invoice,Rechnung,Invoice,,
document.type,KBART,KBART,KBART,,
document.type,License,Vertrag,License,,
document.type,Metadata,Metadaten,Metadata,,
document.type,Note,Anmerkung,Note,,
document.type,Note,Anmerkung,Note,,
document.type,Offer,Angebot,Offer,,
document.type,ONIX-PL License,ONIX-PL Lizenz,ONIX-PL License,,
document.type,Order,Bestellung,Order,,
document.type,Renewal,Renewal,Renewal,,
document.type,Subscription,Lizenz,Subscription,,
document.type,Title List,Titelliste,Title List,,
document.type,Usage Statistics,Nutzungsstatistik,Usage Statistics,,
e.invoice.portal,E-Rechnungsportal NRW,E-Rechnungsportal NRW,E-Rechnungsportal NRW,,
e.invoice.portal,Zentraler E-Rechnungseingang RLP,Zentraler E-Rechnungseingang RLP,Zentraler E-Rechnungseingang RLP,,
e.invoice.portal,OZG-RE,OZG-RE,OZG-RE,,
e.invoice.portal,service-bw.de,service-bw.de,service-bw.de,,
e.invoice.portal,ZRE,ZRE,ZRE,,
e.invoice.portal,zERIKA,zERIKA,zERIKA,,
e.invoice.portal,Eigener zentraler Rechnungseingang,Eigener zentraler Rechnungseingang,Eigener zentraler Rechnungseingang,,
existence,Existent,Bestehend,Existent,,
existence,Nonexistend,Fehlend,Nonexistend,,
external.internal,External,Extern,External,,
external.internal,Internal,Intern,Internal,,
external.internal,Unclear,Unklar,Unclear,,
fact.metric,ft_total,,ft_total,,
fact.metric,record_view,,record_view,,
fact.metric,result_click,,result_click,,
fact.metric,search_fed,,search_fed,,
fact.metric,search_reg,,search_reg,,
fact.type,BR1R4,,BR1R4,,
fact.type,BR2R4,,BR2R4,,
fact.type,DB1R4,,DB1R4,,
fact.type,JR1GOAR4,,JR1GOAR4,,
fact.type,JR1R4,,JR1R4,,
filter.fake.values,generic.null.value,Nicht gesetzt,Not set,,
filter.fake.values,subscription.status.no.status.set.but.null,Kein Status,No Status,,
funder.type,Catholic Church,Katholische Kirche,Catholic Church,,
funder.type,Commune,Gemeinde,Commune,,
funder.type,Corporate Body or Foundation under Private Law,Körperschaft oder Stiftung des privaten Rechts,Corporate Body or Foundation under Private Law,,
funder.type,Corporate Body or Foundation under Public Law,Körperschaft oder Stiftung des öffentlichen Rechts,Corporate Body or Foundation under Public Law,,
funder.type,County,Kreis,County,,
funder.type,Federal Republic of Germany,Bundesrepublik Deutschland,Federal Republic of Germany,,
funder.type,Federal State,Land,Federal State,,
funder.type,Foreign Funding Body,Ausländische Trägerschaft,Foreign Funding Body,,
funder.type,Other Public Sector Funder,Sonstige öffentliche Trägerschaft,Other Public Sector Funder,,
funder.type,Other Religious Communities,Sonstige Religionsgemeinschaft,Other Religious Community,,
funder.type,Other Territorial Authority,Sonstige Gebietskörperschaft,Other Territorial Authority,,
funder.type,Private Funding Body (Natural Person),Private Trägerschaft (natürliche Personen),Private Funding Body (Natural Person),,
funder.type,Protestant Church,Evangelische Kirche,Protestant Church,,
funder.hsk.type,"Ecclesiastical, State Recognized","Kirchlich, staatlich anerkannt","Ecclesiastical, State Recognized",,
funder.hsk.type,Public Law,Öffentlich-rechtlich,Public Law,,
funder.hsk.type,"Private, Officially Recognized","Privat, staatlich anerkannt","Private, Officially Recognized",,
gender,Female,Weiblich,Female,,
gender,Male,Männlich,Male,,
gender,Third Gender,Inter/Divers,Third Gender,,
ie.accept.status,Current,Aktuell,Current,,
ie.accept.status,Current(*),Aktuell(*),Current(*),,
ie.accept.status,ERROR - No Subscription Start and/or End Date,ERROR - No Subscription Start and/or End Date,ERROR - No Subscription Start and/or End Date,,
ie.accept.status,Expected,Erwartet,Expected,,
ie.accept.status,Expired,Abgelaufen,Expired,,
ie.accept.status,Fixed,Feststehend,Fixed,,
ie.accept.status,Under Consideration,Entscheidung steht aus,Under Consideration,,
ie.accept.status,Under Negotiation,In Verhandlung,Under Negotiation,,
ie.access.status,Current,Current,Current,,
ie.access.status,Expected,Expected,Expected,,
ie.access.status,Expired,Expired,Expired,,
ie.medium,Electronic,Elektronisch,Electronic,,
ie.medium,Print,Print,Print,,
ie.medium,Print and Electronic,Print und Elektronisch,Print and Electronic,,
ill.code,a,a - Fernleihe (Ausleihe),a - Ill (loan only),,
ill.code,b,b - Fernleihe (Papierkopie an Endnutzer),b - Ill (copy only),,
ill.code,c,c - Fernleihe (Papierkopie und Ausleihe),c - Ill (loan and copy),,
ill.code,d,d - keine Fernleihe,d - Ill forbidden,,
ill.code,e,e - Fernleihe (Elektronischer Versand an Endnutzer),e - Ill (electronic delivery),,
indemnification,General,Generell,General,,
indemnification,Intellectual Property Only,Nur geistiges Eigentum,Intellectual Property Only,,
indemnification,Other,Andere,Other,,
indemnification,Unknown,Unklar,Unknown,,
invoicing,Consortium,Konsortium,Consortium,,
invoicing,Provider,Anbieter,Provider,,
invoicing,Intermediary,Zwischenhändler,Intermediary,,
invoicing,Other,Sonstiges,Other,,
ipv4.address.format,v4cidr,IPv4 (CIDR),IPv4 (CIDR),,
ipv4.address.format,v4input,IPv4 (Eingabe),IPv4 (Input),,
ipv4.address.format,v4ranges,IPv4 (Bereiche),IPv4 (Ranges),,
ipv6.address.format,v6cidr,IPv6 (CIDR),IPv6 (CIDR),,
ipv6.address.format,v6input,IPv6 (Eingabe),IPv6 (Input),,
ipv6.address.format,v6ranges,IPv6 (Bereiche),IPv6 (Ranges),,
language,de,Deutsch,German,,
language,en,Englisch,English,,
library.network,BVB,BVB,BVB,,
library.network,GBV,GBV,GBV,,
library.network,hbz,hbz,hbz,,
library.network,HeBIS,HeBIS,HeBIS,,
library.network,KOBV,KOBV,KOBV,,
library.network,No Network,Keine Zugehörigkeit,No Network,,
library.network,SWB,SWB,SWB,,
library.type,Fachhochschule,Fachhochschule,University of applied science,,
library.type,Forschungseinrichtung,Forschungseinrichtung,Research institution,,
library.type,Institutsbibliothek,Institutsbibliothek,Department library,,
library.type,keine Angabe,keine Angabe,not specified,,
library.type,Kunst- und Musikhochschule,Kunst- und Musikhochschule,College of Art or Music,,
library.type,Öffentliche Bibliothek,Öffentliche Bibliothek,Public library,,
library.type,Sonstige,Sonstige,Other,,
library.type,Staats-/ Landes-/ Regionalbibliothek,Staats-/ Landes-/ Regionalbibliothek,National / state / regional library,,
library.type,Universität,Universität,University,,
library.type,Wissenschaftliche Spezialbibliothek,Wissenschaftliche Spezialbibliothek,Special scientific library,,
license.arc.archival.copy.content,Data,Rohdaten,Data,,
license.arc.archival.copy.content,DRM-free,Ohne DRM,DRM-free,,
license.arc.archival.copy.content,With Metadata,Inkl. Metadaten,With Metadata,,
license.arc.archival.copy.content,With Software,Inkl. Software,With Software,,
license.arc.archival.copy.cost,Free,Kostenlos,Free,,
license.arc.archival.copy.cost,Self-copied,Kopie selbst anzufertigen,Self-copied,,
license.arc.archival.copy.cost,With Charge,Gegen Gebühr,With Charge,,
license.arc.archival.copy.time,Licence End Date,Mit Vertragsende,Licence End Date,,
license.arc.archival.copy.time,Licence Start Date,Mit Vertragsbeginn,Licence Start Date,,
license.arc.archival.copy.time,On Request,Auf Anfrage,On Request,,
license.arc.archival.copy.time,Trigger Event,Mit Trigger Event,Trigger Event,,
license.arc.archival.copy.transmission.format,CDROM,CDROM,CDROM,,
license.arc.archival.copy.transmission.format,Remote,Remote,Remote,,
license.arc.archival.copy.transmission.format,Tape,Band,Tape,,
license.arc.archival.copy.transmission.format,Unspecified tangible format,Unspezifizierter Datenträger,Unspecified tangible format,,
license.arc.authorized,Contractor,Vertragspartner,Contractor,,
license.arc.authorized,Contractor With Publisher's Assent,Vertragspartner nach Genehmigung durch Anbieter,Contractor With Publisher's Assent,,
license.arc.authorized,FID library,FID-Bibliothek,FID library,,
license.arc.authorized,Former SSG library,Ehemals SSG-Bibliothek,Former SSG library,,
license.arc.authorized,Licensee,Lizenznehmer,Licensee,,
license.arc.authorized,SSG-Library,SSG-Bibliothek,SSG-Library,,
license.arc.hosting.restriction,Access Period,Zugriffsdauer,Access Period,,
license.arc.hosting.restriction,File Format,Dateiformat,File Format,,
license.arc.hosting.restriction,Use,Nutzung,Use,,
license.arc.hosting.restriction,Year,Jahrgang,Year,,
license.arc.hosting.solution,CLOCKSS,CLOCKSS,CLOCKSS,,
license.arc.hosting.solution,LOCKSS,LOCKSS,LOCKSS,,
license.arc.hosting.solution,NatHosting PLN,NatHosting PLN,NatHosting PLN,,
license.arc.hosting.solution,NatHosting Portico,NatHosting Portico,NatHosting Portico,,
license.arc.hosting.solution,Own Host,Eigener Host,Own Host,,
license.arc.hosting.solution,Portico,Portico,Portico,,
license.arc.hosting.solution,Publisher,Verlag,Publisher,,
license.arc.hosting.solution,Third Party Systems,Drittsysteme,Third Party Systems,,
license.arc.hosting.time,Always,Immer,Always,,
license.arc.hosting.time,Exclusive,Ohne Anbieter,Exclusive,,
license.arc.hosting.time,From Expiration On,Ab Vertragsende,From Expiration On,,
license.arc.hosting.time,Predefined time,Fester Zeitpunkt,Predefined time,,
license.arc.hosting.time,Trigger Event,Mit Trigger-Event,Trigger Event,,
license.arc.payment.note,Hosting fee,Hosting Fee zu zahlen,Hosting fee,,
license.arc.payment.note,No Hosting fee,Dauerhaft kostenfrei (keine Hosting Fee),No Hosting fee,,
license.arc.title.transfer.regulation,Existing Regulation,Regelung vorhanden,Existing Regulation,,
license.arc.title.transfer.regulation,No Regulation,Keine Regelung,No Regulation,,
license.arc.title.transfer.regulation,Transfer Code of Practice,Transfer Code of Practice,Transfer Code of Practice,,
license.category,Content,Rahmenvertrag,Master agreement,,
license.category,Amendment,Amendment,Amendment,,
license.category,Terms,AGB,Terms,,
license.category,Attachment,Anlage,Attachment,,
license.category,Order form,Bestellformular,Order form,,
license.category,Addition,Ergänzung,Addition,,
license.category,Agreement,Vereinbarung,Agreement,,
license.category,Contract,Vertrag,Contract,,
license.oa.corresponding.author.identification,Email Domain,E-Mail-Domäne,Email Domain,,
license.oa.corresponding.author.identification,IP Range,Über IP-Bereich,IP Range,,
license.oa.corresponding.author.identification,ORCID,ORCID,ORCID,,
license.oa.corresponding.author.identification,Other,Anderes,Other,,
license.oa.corresponding.author.identification,Research Institute,Über Institut,Research Institute,,
license.oa.earc.version,Accepted Author Manuscript (AAM),Accepted Author Manuscript (AAM),Accepted Author Manuscript (AAM),,
license.oa.earc.version,Manuscript (AAM),Manuscript (AAM),Manuscript (AAM),,
license.oa.earc.version,Postprint,Postprint,Postprint,,
license.oa.earc.version,Preprint,Preprint,Preprint,,
license.oa.earc.version,Preprint with ePrint URL,Preprint mit ePrint-URL,Preprint with ePrint URL,,
license.oa.earc.version,Publisher-PDF,Verlags-PDF-Datei,Publisher-PDF,,
license.oa.license.to.publish,CC-BY,CC-BY,CC-BY,,
license.oa.license.to.publish,CC-BY-NC,CC-BY-NC,CC-BY-NC,,
license.oa.license.to.publish,CC-BY-NC-ND,CC-BY-NC-ND,CC-BY-NC-ND,,
license.oa.license.to.publish,CC-BY-NC-SA,CC-BY-NC-SA,CC-BY-NC-SA,,
license.oa.license.to.publish,CC-BY-ND,CC-BY-ND,CC-BY-ND,,
license.oa.license.to.publish,CC-BY-SA,CC-BY-SA,CC-BY-SA,,
license.oa.receiving.modalities,Automatic Delivery,Automatische Lieferung,Automatic Delivery,,
license.oa.receiving.modalities,By Author,Über Autor,By Author,,
license.oa.receiving.modalities,From Database,Aus Datenank,From Database,,
license.oa.receiving.modalities,Link by Publisher,Verlinkung durch Verlag,Link by Publisher,,
license.oa.receiving.modalities,On Demand,Auf Nachfrage,On Demand,,
license.oa.repository,Institutional,Institutionell,Institutional,,
license.oa.repository,Own Choice,Nach Wahl,Own Choice,,
license.oa.repository,Pre-print Server,Pre-print-Server,Pre-print Server,,
license.oa.repository,Publishers,Verlagseigen,Publishers,,
license.oa.repository,Social Media,Social Media,Social Media,,
license.oa.repository,Subject specific,Fachspezifisch,Subject specific,,
license.oa.repository,Website of Author,Webseite,Website of Author,,
license.oa.type,Blue Open Access,Blue Open-Access,Blue Open Access,,
license.oa.type,Gold Open Access,Gold Open-Access,Gold Open Access,,
license.oa.type,Green Open Access,Green Open-Access,Green Open Access,,
license.oa.type,Hybrid,Hybrid,Hybrid,,
license.oa.type,No Open Access,Kein Open-Access,No Open Access,,
license.oa.type,White Open Access,White Open-Access,White Open Access,,
license.oa.type,Yellow Open Access,Yellow Open-Access,Yellow Open Access,,
license.remote.access,All but Walk-ins,Alle außer Walk-In-User,All but Walk-ins,,
license.remote.access,No,Nein,No,,
license.remote.access,Yes,Ja,Yes,,
license.statistics.delivery,Email,Email,Email,,
license.statistics.delivery,Online,Online,Online,,
license.statistics.delivery,Paper,Papier,Paper,,
license.statistics.format,ASCII,ASCII,ASCII,,
license.statistics.format,CSV,CSV,CSV,,
license.statistics.format,Delimited,Begrenzt (z.B. durch Tab),Delimited,,
license.statistics.format,Excel,Excel,Excel,,
license.statistics.format,HTML,HTML,HTML,,
license.statistics.format,Other,Sonstiges Format,Other,,
license.statistics.format,PDF,PDF,PDF,,
license.statistics.frequency,Bi-Annual,Halbjährlich,Bi-Annual,,
license.statistics.frequency,Monthly,Monatlich,Monthly,,
license.statistics.frequency,Quarterly,Quartalsweise,Quarterly,,
license.statistics.frequency,User-selectable,Individuell,User-selectable,,
license.statistics.standards,COUNTER version 4,COUNTER version 4,COUNTER version 4,,
license.statistics.standards,COUNTER version 5,COUNTER version 5,COUNTER version 5,,
license.statistics.standards,ICOLC 1998,ICOLC 1998,ICOLC 1998,,
license.statistics.user.creds,None,Keins,None,,
license.statistics.user.creds,Other,Anderes,Other,,
license.statistics.user.creds,Same as Admin,Das gleiche wie Admin,Same as Admin,,
license.status,Current,Aktiv,Current,,
license.status,Intended,Geplant,Intended,,
license.status,In Progress,In Bearbeitung,In Progress,,
license.status,Retired,Abgelaufen,Expired,,
license.status,Status not defined,Status nicht festgelegt,Status not defined,,
license.status,Unknown,Unbekannt,Unknown,,
license.structure,Consortial License,Konsortiallizenzvertrag,Consortial license,,
license.structure,Frame License,Rahmenvertrag mit Einzelverträgen,Frame license with individual licenses,,
license.structure,Individual Licenses,Einzellizenzverträge,Individual licenses,,
license.type,Actual,Konkrete Instanz,Actual,,
license.type,Template,Vorlage,Template,,
license.type,Unknown,Unbekannt,Unknown,,
link.type,follows,... ist Nachfolger von|... ist Vorgänger von,... follows|... precedes,,
link.type,is condition for,... ist Bedingung für|... ist bedingt durch,... is condition for|... ist conditioned by,,
link.type,references,... referenziert|... wird referenziert durch,... references|... is referenced by,,
link.type,license,... ist Vertrag zu|... ist Lizenz von,... is license to|... is subscription of,,
mail.template.language,English,Englisch,English,,
mail.template.language,German,Deutsch,German,,
mail.template.type,IP Message,IP-Meldung,IP Message,,
number.type,Population,Einwohner,Population,Einwohner der Stadt,Einwohner der Stadt
number.type,Scientific staff,wissenschaftliches Personal (Köpfe),Scientific staff (heads),Anzahl von Köpfen an wissenschaftlichem Personal,Count of heads in scientific personnel
number.type,FTE,wissenschaftliches Personal (FTEs),Scientific staff (FTEs),Anzahl an Vollzeitstellen (full term equivalents) an wissenschaftlichem Personal,Count of full term equivalents in scientific personnel
number.type,Students,Studierende,Students,Gesamtzahl aller immatrikulierten Studierenden,Gesamtzahl aller immatrikulierten Studierenden
number.type,User,Nutzer,User,Nutzer der Einrichtung,Nutzer der Einrichtung
org.sector,Higher Education,Akademisch,Higher Education,,
org.sector,Publisher,Kommerziell,Commercial,,
org.status,Current,Aktuell,Current,,
org.status,Deleted,Gelöscht,Deleted,,
org.type,Agency,Lieferant,Agency,,
org.type,Broker,Vermittler,Broker,,
org.type,Consortium,Konsortium,Consortium,,
org.type,Content Provider,Inhaltsanbieter,Content Provider,,
org.type,Department,Institut,Department,,
org.type,Imprint,Imprint,Imprint,,
org.type,Institution,Einrichtung,Institution,,
org.type,Issuing Body,Issuing Body,Issuing Body,,
org.type,Library Service,Bibliotheksservice,Library Service,,
org.type,Licensee,Lizenznehmer,Licensee,,
org.type,Licensor,Lizenzgeber,Licensor,,
org.type,Other,Andere,Other,,
org.type,Platform Provider,Plattformanbieter,Platform Provider,,
org.type,Provider,Anbieter,Provider,,
org.type,Publisher,Verlag,Publisher,,
org.type,Vendor,Verkäufer,Vendor,,
organisational.role,Agency,Lieferant,Agency,,
organisational.role,Content Provider,Anbieter,Content Provider,,
organisational.role,Licensee,Lizenznehmer,Licensee,,
organisational.role,Licensee_Collective,Institut des Lizenznehmers,Collective licensee,,
organisational.role,Licensee_Consortial,Konsortiallizenznehmer,Consortial licensee,,
organisational.role,Licensing Consortium,Lizenzkonsortium,Licensing Consortium,,
organisational.role,Licensor,Lizenzgeber,Licensor,,
organisational.role,Negotiator,Negotiator,Negotiator,,
organisational.role,Package Consortia,Package Consortia,Package Consortia,,
organisational.role,Provider,Anbieter,Provider,,
organisational.role,Publisher,Verlag,Publisher,,
organisational.role,Subscriber,Teilnehmer,Subscriber,,
organisational.role,Subscriber_Collective,Kollektivteilnehmer,Collective subscriber,,
organisational.role,Subscriber_Consortial,Konsortialteilnehmer,Consortial subscriber,,
organisational.role,Subscriber_Consortial_Hidden,Konsortialteilnehmer (versteckt),Consortial subscriber (hidden),,
organisational.role,Subscription Agent,Subscription Agent,Subscription Agent,,
organisational.role,Subscription Collective,Elternlizenzverwalter,Subscription Collective,,
organisational.role,Subscription Consortia,Konsortium,Subscription Consortia,,
package.breakable,No,Nein,No,,
package.breakable,Unknown,Unbekannt,Unknown,,
package.breakable,Yes,Ja,Yes,,
package.consistent,No,Nein,No,,
package.consistent,Unknown,Unbekannt,Unknown,,
package.consistent,Yes,Ja,Yes,,
package.fixed,No,Nein,No,,
package.fixed,Unknown,Unbekannt,Unknown,,
package.fixed,Yes,Ja,Yes,,
package.list.status,Checked,Überprüft,Checked,,
package.list.status,In Progress,In Bearbeitung,In Progress,,
package.list.status,Unknown,Unbekannt,Unknown,,
package.scope,Aggregator,Aggregator,Aggregator,,
package.scope,Back File,Back File,Back File,,
package.scope,Front File,Front File,Front File,,
package.scope,Master File,Master File,Master File,,
package.scope,Scope Undefined,Scope Undefined,Scope Undefined,,
package.scope,Unknown,Unbekannt,Unknown,,
package.status,Current,Aktuell,Current,,
package.status,Deleted,Gelöscht,Deleted,,
package.status,Retired,Abgelaufen,Retired,,
package.content.type,Mixed,Gemischt,Mixed,,
package.content.type,Journal,Journal,Journal,,
package.content.type,Database,Datenbank,Database,,
package.content.type,Book,E-Book,Book,,
pending.change.status,Accepted,Angenommen,Accepted,,
pending.change.status,Pending,Ausstehend,Pending,,
pending.change.status,Rejected,Abgelehnt,Rejected,,
pending.change.status,History,Pakethistorie,Package History,,
pending.change.status,Superseded,Überholt,Superseded,,
pending.change.configuration.setting,Accept,Akzeptieren,Accept,,
pending.change.configuration.setting,Prompt,Nachfragen,Prompt,,
pending.change.configuration.setting,Reject,Ablehnen,Reject,,
permissions,Not applicable,Nicht zutreffend,Not applicable,,
permissions,Permitted (explicit),Ausdrücklich erlaubt,Permitted (explicit),,
permissions,Permitted (interpreted),Vermutlich erlaubt,Permitted (interpreted),,
permissions,Prohibited (explicit),Ausdrücklich verboten,Prohibited (explicit),,
permissions,Prohibited (interpreted),Vermutlich verboten,Prohibited (interpreted),,
permissions,Silent,Stillschweigend,Silent,,
permissions,Unknown,Unklar,Unknown,,
person.contact.type,Functional Contact,Funktionskontakt,Functional Contact,,
person.contact.type,Personal Contact,Personenkontakt,Personal Contact,,
person.function,Contact Person,Kontakt,Contact Person,,
person.function,Functional Contact Billing Adress,Rechnungskontakt,Billing contact,,
person.function,Functional Contact Delivery Address,Lieferanschrift,Delivery address,,
person.function,Functional Contact Legal Patron Address,Anschrift des rechtlichen Trägers,Legal patron contact,,
person.function,Functional Contact Library Address,Bibliotheksanschrift,Library address,,
person.function,Functional Contact Postal Address,Postanschrift,Postal address,,
person.function,GASCO-Contact,GASCO-Kontakt,GASCO-Contact,,
person.function,General contact person,Hauptkontakt,General Contact Person,,
person.function,Responsible Admin,Verantwortlicher Admin,Responsible Admin,,
person.function,Statistical Support,Statistik-Support,Statistical Support,,
person.function,Technichal Support,Technischer Support,Technichal Support,,
person.function,Metadata,Metadaten-Kontakt,Metadata,,
person.function,Customer Service,Kundenservice,Customer Service,,
person.function,Sales and Marketing,Vertrieb/Marketing,Sales and Marketing,,
person.function,Training,Schulungskontakt,Training,,
person.position,Account Manager,Account Manager,Account Manager,,
person.position,Bereichsbibliotheksleitung,Bereichsbibliotheksleitung,Bereichsbibliotheksleitung,,
person.position,Bestandsaufbau,Bestandsaufbau,Bestandsaufbau,,
person.position,Direktion,Direktion,Direktion,,
person.position,Direktionsassistenz,Direktionsassistenz,Direktionsassistenz,,
person.position,Erwerbungsabteilung,Erwerbungsabteilung,Erwerbungsabteilung,,
person.position,Erwerbungsleitung,Erwerbungsleitung,Erwerbungsleitung,,
person.position,Fachreferat,Fachreferat,Fachreferat,,
person.position,Head Access Services,Erwerbungsleiter,Head Access Services,,
person.position,Library Director,Bibliotheksdirektor,Library Director,,
person.position,Medienbearbeitung,Medienbearbeitung,Medienbearbeitung,,
person.position,Rechnungsbearbeitung,Rechnungsbearbeitung,Rechnungsbearbeitung,,
person.position,Sales Director,Vertriebsleitung,Sales Director,,
person.position,Sales Support,Vertriebssupport,Sales Support,,
person.position,Technichal Support,Technischer Support,Technichal Support,,
person.position,Zeitschriftenabteilung,Zeitschriftenabteilung,Zeitschriftenabteilung,,
person.responsibility,Specific cluster editor,Gruppenkontakt,Specific cluster editor,,
person.responsibility,Specific license editor,Vertragsbearbeiter,Specific license editor,,
person.responsibility,Specific package editor,Paketbearbeiter,Specific package editor,,
person.responsibility,Specific subscription editor,Lizenzkontakt,Specific subscription editor,,
person.responsibility,Specific title editor,Titelbearbeiter,Specific title editor,,
platform.status,Deleted,Deleted,Deleted,,
regions.de,Baden-Wurttemberg,Baden-Württemberg,Baden-Wurttemberg,,
regions.de,Bavaria,Bayern,Bavaria,,
regions.de,Berlin,Berlin,Berlin,,
regions.de,Brandenburg,Brandenburg,Brandenburg,,
regions.de,Bremen,Bremen,Bremen,,
regions.de,Hamburg,Hamburg,Hamburg,,
regions.de,Hesse,Hessen,Hesse,,
regions.de,Lower Saxony,Niedersachsen,Lower Saxony,,
regions.de,Mecklenburg-West Pomerania,Mecklenburg-Vorpommern,Mecklenburg-West Pomerania,,
regions.de,North Rhine-Westphalia,Nordrhein-Westfalen,North Rhine-Westphalia,,
regions.de,Rhineland-Palatinate,Rheinland-Pfalz,Rhineland-Palatinate,,
regions.de,Saarland,Saarland,Saarland,,
regions.de,Saxony,Sachsen,Saxony,,
regions.de,Saxony-Anhalt,Sachsen-Anhalt,Saxony-Anhalt,,
regions.de,Schleswig-Holstein,Schleswig-Holstein,Schleswig-Holstein,,
regions.de,Thuringia,Thüringen,Thuringia,,
regions.ch,AG,Aargau,Aargau,,
regions.ch,AI,Appenzell Innerrhoden,Appenzell Innerrhoden,,
regions.ch,AR,Appenzell Ausserrhoden,Appenzell Ausserrhoden,,
regions.ch,BE,Bern,Bern,,
regions.ch,BL,Basel-Landschaft,Basel-Landschaft,,
regions.ch,BS,Basel-Stadt,Basel-Stadt,,
regions.ch,FR,Freiburg,Fribourg,,
regions.ch,GE,Genf,Genève,,
regions.ch,GL,Glarus,Glarus,,
regions.ch,GR,Graubünden,Graubünden,,
regions.ch,JU,Jura,Jura,,
regions.ch,LU,Luzern,Lucerne,,
regions.ch,NE,Neuenburg,Neuenburg,,
regions.ch,NW,Nidwalden,Nidwalden,,
regions.ch,OW,Obwalden,Obwalden,,
regions.ch,SG,St. Gallen,St. Gallen,,
regions.ch,SH,Schaffhausen,Schaffhausen,,
regions.ch,SO,Solothurn,Solothurn,,
regions.ch,SZ,Schwyz,Schwyz,,
regions.ch,TG,Thurgau,Thurgau,,
regions.ch,TI,Tessin,Ticino,,
regions.ch,UR,Uri,Uri,,
regions.ch,VD,Waadt,Vaud,,
regions.ch,VS,Wallis,Valais,,
regions.ch,ZG,Zug,Zug,,
regions.ch,ZH,Zürich,Zürich,,
regions.at,vienna,Wien,Vienna,,
regions.at,lower.austria,Niederösterreich,Lower Austria,,
regions.at,upper.austria,Oberösterreich,Upper Austria,,
regions.at,styria,Steiermark,Styria,,
regions.at,tyrol,Tirol,Tyrol,,
regions.at,carinthia,Kärnten,Carinthia,,
regions.at,salzburg,Salzburg,Salzburg,,
regions.at,vorarlberg,Vorarlberg,Vorarlberg,,
regions.at,burgenland,Burgenland,Burgenland,,
reminder.method,email,email,email,,
reminder.trigger,Subscription Manual Renewal Date,Subscription Manual Renewal Date,Subscription Manual Renewal Date,,
reminder.unit,Day,Tag,Day,,
reminder.unit,Month,Monat,Month,,
reminder.unit,Week,Woche,Week,,
semester,s19,Sommersemester 2019,summer semester 2019,,
semester,s20,Sommersemester 2020,summer semester 2020,,
semester,s21,Sommersemester 2021,summer semester 2021,,
semester,s22,Sommersemester 2022,summer semester 2022,,
semester,s23,Sommersemester 2023,summer semester 2023,,
semester,s24,Sommersemester 2024,summer semester 2024,,
semester,s25,Sommersemester 2025,summer semester 2025,,
semester,s26,Sommersemester 2026,summer semester 2026,,
semester,s27,Sommersemester 2027,summer semester 2027,,
semester,s28,Sommersemester 2028,summer semester 2028,,
semester,s29,Sommersemester 2029,summer semester 2029,,
semester,s30,Sommersemester 2030,summer semester 2030,,
semester,s31,Sommersemester 2031,summer semester 2031,,
semester,semester.not.applicable,Nicht anwendbar,Not applicable,,
semester,w18/19,Wintersemester 2018/19,winter semester 2018/19,,
semester,w19/20,Wintersemester 2019/20,winter semester 2019/20,,
semester,w20/21,Wintersemester 2020/21,winter semester 2020/21,,
semester,w21/22,Wintersemester 2021/22,winter semester 2021/22,,
semester,w22/23,Wintersemester 2022/23,winter semester 2022/23,,
semester,w23/24,Wintersemester 2023/24,winter semester 2023/24,,
semester,w24/25,Wintersemester 2024/25,winter semester 2024/25,,
semester,w25/26,Wintersemester 2025/26,winter semester 2025/26,,
semester,w26/27,Wintersemester 2026/27,winter semester 2026/27,,
semester,w27/28,Wintersemester 2027/28,winter semester 2027/28,,
semester,w28/29,Wintersemester 2028/29,winter semester 2028/29,,
semester,w29/30,Wintersemester 2029/30,winter semester 2029/30,,
semester,w30/31,Wintersemester 2030/31,winter semester 2030/31,,
share.configuration,everyone,alle,everyone,,
share.configuration,only for author and target organisation,nur für meine Organisation und die Bezugsorganisation,only for my and target organisation,,
share.configuration,only for author organisation,nur für meine Organisation,only for my organisation,,
share.configuration,only for consortia members,nur für Teilnehmer des Konsortiums,only for consortia members,,
sim.user.number,1,1,1,,
sim.user.number,2,2,2,,
sim.user.number,3,3,3,,
sim.user.number,4,4,4,,
sim.user.number,5,5,5,,
sim.user.number,6,6,6,,
sim.user.number,7,7,7,,
sim.user.number,8,8,8,,
sim.user.number,9,9,9,,
sim.user.number,10,10,10,,
sim.user.number,20,20,20,,
sim.user.number,unlimited,unlimitiert,unlimited,,
subjectgroup,agricultureForestry,Agrar- und Forstwissenschaften,Agriculture and forestry,,
subjectgroup,socialSciences,Gesellschafts- und Sozialwissenschaften,Social sciences,,
subjectgroup,engineering,Ingenieurwissenschaften,Engineering,,
subjectgroup,artMusicDesign,"Kunst, Musik, Design","Art, music, design",,
subjectgroup,teaching,Lehramt,Teaching,,
subjectgroup,mathematicsSciences,"Mathematik, Naturwissenschaften","Mathematics, sciences",,
subjectgroup,medicineHealthScience,"Medizin, Gesundheitswissenschaften","Medicine, health science",,
subjectgroup,civilService,Öffentliche Verwaltung,Civil Service,,
subjectgroup,languagesCulturalStudies,Sprach- und Kulturwissenschaften,Languages and cultural studies,,
subjectgroup,economicsLaw,"Wirtschaftswissenschaften, Rechtswissenschaften","Economics, law",,
subscription.form,desideratum,Desiderat,Desideratum,,
subscription.form,license,Lizenz,License,,
subscription.form,obligation,Pflichtlizenz,Obligation,,
subscription.form,offer,Angebot,Offer,,
subscription.form,purchaseOngoing,Kauf laufend,Ongoing Purchase,,
subscription.form,purchaseUpdate,Kauf mit Update Fee,Purchase with update fee,,
subscription.form,singlePurchase,Einmalkauf,Single Purchase,,
subscription.form,test,Test,Test,,
subscription.form,pda,PDA,PDA,,
subscription.form,ebs,EBS,EBS,,
subscription.resource,avMedia,AV-Medien,AV-Media,,
subscription.resource,data,Daten,Data,,
subscription.resource,database,Datenbank,Database,,
subscription.resource,ebookPackage,E-Book Paket,E-Book Package,,
subscription.resource,ebookSingle,E-Book Einzeltitel,E-Book single title,,
subscription.resource,econferenceProceedings,E-Conference Proceedings,E-Conference Proceedings,,
subscription.resource,ejournalPackage,E-Journal Paket,E-Journal Package,,
subscription.resource,ejournalSingle,E-Journal Einzeltitel,E-Journal single title,,
subscription.resource,ereference,E-Reference,E-Reference,,
subscription.resource,mixed,Gemischtes Paket,Mixed Package,,
subscription.resource,other,Sonstige,Other,,
subscription.resource,software,Software,Software,,
subscription.status,Current,Aktiv,Current,,
subscription.status,Deferred,Zurückgestellt,Deferred,,
subscription.status,Expired,Abgelaufen,Expired,,
subscription.status,Intended,Geplant,Intended,,
subscription.status,No longer usable,Nicht mehr nutzbar,No longer usable,,
subscription.status,Ordered,Bestellt,Ordered,,
subscription.status,Publication discontinued,Erscheinen eingestellt,Publication discontinued,,
subscription.status,Rejected,Abgelehnt,Rejected,,
subscription.status,Status not defined,Status nicht festgelegt,Status not defined,,
subscription.status,Terminated,Abbestellt,Terminated,,
subscription.status,Test Access,Testzugriff,Test Access,,
subscription.status,Under Consideration,Entscheidung steht aus,Under Consideration,,
subscription.status,Under Consortial Examination,Wird konsortial geprüft,Under Consortial Examination,,
subscription.status,Under Institutional Examination,Wird institutionell geprüft,Under Institutional Examination,,
subscription.status,Under Negotiation,In Verhandlung,Under Negotiation,,
subscription.status,Under Process Of Selection,Im Auswahlprozess,Under Process Of Selection,,
subscription.type,Administrative Subscription,Verwaltungslizenz,Administrative Subscription,,
subscription.type,Consortial Licence,zentral verwaltet,Centrally managed,,
subscription.type,Local Licence,lokal verwaltet,Locally managed,,
subscription.kind,National Licence,Nationallizenz,National Subscription,,
subscription.kind,Alliance Licence,Allianzlizenz,Alliance Subscription,,
subscription.kind,Consortial Licence,Konsortiallizenz,Consortial Subscription,,
subscription.kind,fidLicense,FID-Lizenz,FID License,,
subscription.kind,dealLicense,Deal-Lizenz,Deal License,,
subscription.kind,Local Licence,Lokale Lizenz,Local Subscription,,
survey.status,Completed,Abgeschlossen,Completed,,
survey.status,In Evaluation,In Auswertung,In Evaluation,,
survey.status,In Processing,In Bearbeitung,In Processing,,
survey.status,Ready,Bereit,Ready,,
survey.status,Survey completed,Umfrage beendet,Survey completed,,
survey.status,Survey started,Umfrage gestartet,Survey started,,
survey.type,interest,Allgemeine Umfrage,General Survey,,
survey.type,subscription survey,Lizenz-Umfrage,Subscription Survey,,
survey.type,renewal,Verlängerungs-Umfrage,Renewal Survey,,
survey.type,selection,Titelauswahl-Umfrage,Title selection Survey,,
task.priority,Extreme,Extrem,Extreme,,
task.priority,High,Hoch,High,,
task.priority,Low,Niedrig,Low,,
task.priority,Normal,Mittel,Normal,,
task.priority,Trivial,Trivial,Trivial,,
task.status,Deferred,Zurückgestellt,Deferred,,
task.status,Done,Erledigt,Done,,
task.status,Open,Offen,Open,,
tax.type,not applicable,nicht anwendbar,not applicable,,
tax.type,not taxable,nicht steuerbar,not taxable,,
tax.type,reverse charge,Reverse Charge,reverse charge,,
tax.type,taxable,steuerbar,taxable,,
tax.type,taxable tax-exempt,steuerbar steuerbefreit,taxable tax-exempt,,
termination.condition,At will,Nach Belieben,At will,,
termination.condition,Breach by Licensor/Licensee,Wegen Verstoß des Vertragspartners,Breach by Licensor/Licensee,,
termination.condition,Other,Andere Gründe,Other,,
termination.condition,Unknown,Unklar,Unknown,,
ticket.category,Bug,Fehler,Bug,,
ticket.category,Improvement,Verbesserungsvorschlag,Improvement,,
ticket.status,Deferred,Zurückgestellt,Deferred,,
ticket.status,Done,Erledigt,Done,,
ticket.status,In Progress,In Bearbeitung,In Progress,,
ticket.status,New,Neu,New,,
ticket.status,Open,Angenommen,Open,,
tipp.access.status,Current,Aktuell,Current,,
tipp.access.status,Current(*),Aktuell(*),Current(*),,
tipp.access.status,Expected,Erwartet,Expected,,
tipp.access.status,Expired,Abgelaufen,Expired,,
tipp.delayed.oa,No,Nein,No,,
tipp.delayed.oa,Unknown,Unbekannt,Unknown,,
tipp.delayed.oa,Yes,Ja,Yes,,
tipp.hybrid.oa,No,Nein,No,,
tipp.hybrid.oa,Unknown,Unbekannt,Unknown,,
tipp.hybrid.oa,Yes,Ja,Yes,,
tipp.payment.type,Complimentary,Complimentary,Complimentary,,
tipp.payment.type,Limited Promotion,Limited Promotion,Limited Promotion,,
tipp.payment.type,OA,OA,OA,,
tipp.payment.type,Opt Out Promotion,Opt Out Promotion,Opt Out Promotion,,
tipp.payment.type,Paid,Paid,Paid,,
tipp.payment.type,Uncharged,Uncharged,Uncharged,,
tipp.payment.type,Unknown,Unbekannt,Unknown,,
tipp.status,Current,Aktuell,Current,,
tipp.status,Deleted,Gelöscht,Deleted,,
tipp.status,Expected,Expected,Expected,,
tipp.status,Retired,im Ruhestand,Retired,,
tipp.status,Transferred,Transferred,Transferred,,
tipp.status,Unknown,Unbekannt,Unknown,,
tipp.status.reason,Transfer In,Transfer In,Transfer In,,
tipp.status.reason,Transfer Out,Transfer Out,Transfer Out,,
title.status,Current,Aktuell,Current,,
title.status,Deleted,Gelöscht,Deleted,,
title.status,In Progress,In Bearbeitung,In Progress,,
title.status,Retired,im Ruhestand,Retired,,
title.status,Unknown,Unbekannt,Unknown,,
title.medium,Database,Datenbank,Database,,
title.medium,Book,Book,Book,,
title.medium,Journal,Journal,Journal,,
transform.format,json,json,json,,
transform.format,url,url,url,,
transform.format,xml,xml,xml,,
transform.type,license,license,license,,
transform.type,package,package,package,,
transform.type,subscription,subscription,subscription,,
transform.type,title,title,title,,
user.setting.dashboard.tab,Announcements,Ankündigungen,Announcements,,
user.setting.dashboard.tab,PendingChanges,Änderungen,Changes,,
user.setting.dashboard.tab,AcceptedChanges,Benachrichtigungen,Notifications,,
user.setting.dashboard.tab,Due Dates,Fällige Termine,Due Dates,,
user.setting.dashboard.tab,Tasks,Aufgaben,Tasks,,
user.setting.dashboard.tab,Surveys,Umfragen,Surveys,,
user.setting.theme,accessibility,Barrierefrei,Accessibility,,
user.setting.theme,laser,Standard,Default,,
y.n,No,Nein,No,,
y.n,Yes,Ja,Yes,,
y.n.o,No,Nein,No,,
y.n.o,Not applicable,Nicht zutreffend,Not applicable,,
y.n.o,Other,Andere,Other,,
y.n.o,Planed,Geplant,Planed,,
y.n.o,Unknown,Unklar,Unknown,,
y.n.o,Yes,Ja,Yes,,
y.n.u,No,Nein,No,,
y.n.u,Unknown,Unbekannt,Unknown,,
y.n.u,Yes,Ja,Yes,,
