token,rdc,value_de,value_en
Billing address,AddressType,Rechnungsanschrift,Billing address
Delivery address,AddressType,Lieferanschrift,Delivery address
Legal patron address,AddressType,Anschrift des rechtlichen Trägers,Legal patron address
Library address,AddressType,Anschrift,Library address
Postal address,AddressType,Postanschrift,Postal address
All,Confidentiality,Alles,All
All but user terms,Confidentiality,Alles außer Nutzungsbedingungen,All but user terms
Financial only,Confidentiality,Nur Finanzangelegenheiten,Financial only
No,Confidentiality,Nein,No
Unknown,Confidentiality,Unklar,Unknown
AD,Country,Andorra,Andorra
AE,Country,Vereinigte Arabische Emirate,United Arab Emirates
AF,Country,Afghanistan,Afghanistan
AG,Country,Antigua und Barbuda,Antigua and Barbuda
AI,Country,Anguilla,Anguilla
AL,Country,Albanien,Albania
AM,Country,Armenien,Armenia
AO,Country,Angola,Angola
AQ,Country,Antarktis,Antarctica
AR,Country,Argentinien,Argentina
AS,Country,"Samoa, amerikanischer Teil",American Samoa
AT,Country,Österreich,Austria
AU,Country,Australien,Australia
AW,Country,Aruba,Aruba
AX,Country,Åland,Åland Islands
AZ,Country,Aserbaidschan,Azerbaijan
BA,Country,Bosnien-Herzegowina,Bosnia and Herzegovina
BB,Country,Barbados,Barbados
BD,Country,Bangladesh,Bangladesh
BE,Country,Belgien,Belgium
BF,Country,Burkina Faso,Burkina Faso
BG,Country,Bulgarien,Bulgaria
BH,Country,Bahrain,Bahrain
BI,Country,Burundi,Burundi
BJ,Country,Benin,Benin
BL,Country,St. Barthélemy,Saint Barthélemy
BM,Country,Bermuda,Bermuda
BN,Country,Brunei,Brunei Darussalam
BO,Country,Bolivien,"Bolivia, Plurinational State of"
BQ,Country,Karibische Niederlande,"Bonaire, Sint Eustatius and Saba"
BR,Country,Brasilien,Brazil
BS,Country,Bahamas,Bahamas
BT,Country,Bhutan,Bhutan
BV,Country,Bouvet-Insel,Bouvet Island
BW,Country,Botswana,Botswana
BY,Country,Belarus,Belarus
BZ,Country,Belize,Belize
CA,Country,Kanada,Canada
CC,Country,Kokos-Insel (Keeling),Cocos (Keeling) Islands
CD,Country,"Kongo, demokratische Republik","Congo, the Democratic Republic of the"
CF,Country,Zentralafrika,Central African Republic
CG,Country,Kongo (Republik),Congo
CH,Country,Schweiz,Switzerland
CI,Country,Elfenbeinküste,Côte d'Ivoire
CK,Country,Cook-Inseln,Cook Islands
CL,Country,Chile,Chile
CM,Country,Kamerun,Cameroon
CN,Country,China (Volksrepublik),China
CO,Country,Kolumbien,Colombia
CR,Country,Costa Rica,Costa Rica
CU,Country,Kuba,Cuba
CV,Country,Kapverdische Inseln,Cape Verde
CW,Country,Curaçao,Curaçao
CX,Country,Weihnachtsinseln (indischer Ozean),Christmas Island
CY,Country,Zypern,Cyprus
CZ,Country,Tschechische Republik,Czech Republic
DE,Country,Deutschland,Germany
DJ,Country,Djibouti,Djibouti
DK,Country,Dänemark,Denmark
DM,Country,Dominica,Dominica
DO,Country,Dominikanische Republik,Dominican Republic
DZ,Country,Algerien,Algeria
EC,Country,Ekuador,Ecuador
EE,Country,Estland,Estonia
EG,Country,Ägypten,Egypt
EH,Country,Westsahara,Western Sahara
ER,Country,Eritrea,Eritrea
ES,Country,Spanien,Spain
ET,Country,Äthiopien,Ethiopia
FI,Country,Finnland,Finland
FJ,Country,Fidschi,Fiji
FK,Country,Falkland-Inseln,Falkland Islands (Malvinas)
FM,Country,Mikronesien (Föderierte Staaten von),"Micronesia, Federated States of"
FO,Country,Färöer-Inseln,Faroe Islands
FR,Country,Frankreich,France
GA,Country,Gabun,Gabon
GB,Country,Grossbritannien und Nordirland,United Kingdom
GD,Country,Grenada,Grenada
GE,Country,Georgien,Georgia
GF,Country,Französisch-Guyana,French Guiana
GG,Country,Guernsey,Guernsey
GH,Country,Ghana,Ghana
GI,Country,Gibraltar,Gibraltar
GL,Country,Grönland,Greenland
GM,Country,Gambia,Gambia
GN,Country,Guinea (Republik),Guinea
GP,Country,Guadeloupe,Guadeloupe
GQ,Country,Äquatorial-Guinea,Equatorial Guinea
GR,Country,Griechenland,Greece
GS,Country,Südgeorgien und die südlichen Sandwichinseln,South Georgia and the South Sandwich Islands
GT,Country,Guatemala,Guatemala
GU,Country,Guam,Guam
GW,Country,Guinea-Bissau,Guinea-Bissau
GY,Country,Guyana,Guyana
HK,Country,Hongkong,Hong Kong
HM,Country,Heard- und McDonald-Inseln,Heard Island and McDonald Islands
HN,Country,Honduras,Honduras
HR,Country,Kroatien,Croatia
HT,Country,Haiti,Haiti
HU,Country,Ungarn,Hungary
ID,Country,Indonesien,Indonesia
IE,Country,Irland,Ireland
IL,Country,Israel,Israel
IM,Country,"Man, Insel",Isle of Man
IN,Country,Indien,India
IO,Country,Britisches Territorium im indischen Ozean,British Indian Ocean Territory
IQ,Country,Irak,Iraq
IR,Country,Iran,"Iran, Islamic Republic of"
IS,Country,Island,Iceland
IT,Country,Italien,Italy
JE,Country,Jersey,Jersey
JM,Country,Jamaika,Jamaica
JO,Country,Jordanien,Jordan
JP,Country,Japan,Japan
KE,Country,Kenia,Kenya
KG,Country,Kirgisistan,Kyrgyzstan
KH,Country,Kambodscha,Cambodia
KI,Country,Kiribati,Kiribati
KM,Country,Komoren,Comoros
KN,Country,St. Christoph (St. Kitts) und Nevis,Saint Kitts and Nevis
KP,Country,"Korea, demokratische Volksrepublik (Nordkorea)","Korea, Democratic People's Republic of"
KR,Country,"Korea, Republik (Südkorea)","Korea, Republic of"
KW,Country,Kuwait,Kuwait
KY,Country,Cayman,Cayman Islands
KZ,Country,Kasachstan,Kazakhstan
LA,Country,Laos,Lao People's Democratic Republic
LB,Country,Libanon,Lebanon
LC,Country,St. Lucia,Saint Lucia
LI,Country,Liechtenstein,Liechtenstein
LK,Country,Sri Lanka,Sri Lanka
LR,Country,Liberia,Liberia
LS,Country,Lesotho,Lesotho
LT,Country,Litauen,Lithuania
LU,Country,Luxemburg,Luxembourg
LV,Country,Lettland,Latvia
LY,Country,Libyen,Libya
MA,Country,Marokko,Morocco
MC,Country,Monaco,Monaco
MD,Country,Moldova,"Moldova, Republic of"
ME,Country,"Montenegro, Republik",Montenegro
MF,Country,St. Martin,Saint Martin (French part)
MG,Country,Madagaskar,Madagascar
MH,Country,Marshall-Inseln,Marshall Islands
MK,Country,"Mazedonien, ehemalige jugoslawische Republik","Macedonia, the Former Yugoslav Republic of"
ML,Country,Mali,Mali
MM,Country,Myanmar (Union),Myanmar
MN,Country,Mongolei,Mongolia
MO,Country,Macao,Macao
MP,Country,Marianen-Inseln,Northern Mariana Islands
MQ,Country,Martinique,Martinique
MR,Country,Mauretanien,Mauritania
MS,Country,Montserrat,Montserrat
MT,Country,Malta,Malta
MU,Country,"Mauritius, Insel",Mauritius
MV,Country,Malediven,Maldives
MW,Country,Malawi,Malawi
MX,Country,Mexiko,Mexico
MY,Country,Malaysia,Malaysia
MZ,Country,Mosambik,Mozambique
NA,Country,Namibia,Namibia
NC,Country,Neukaledonien,New Caledonia
NE,Country,Niger,Niger
NF,Country,Norfolk-Insel,Norfolk Island
NG,Country,Nigeria,Nigeria
NI,Country,Nicaragua,Nicaragua
NL,Country,Niederlande,Netherlands
NO,Country,Norwegen,Norway
NP,Country,Nepal,Nepal
NR,Country,Nauru,Nauru
NU,Country,Niue,Niue
NZ,Country,Neuseeland,New Zealand
OM,Country,Oman,Oman
PA,Country,Panama,Panama
PE,Country,Peru,Peru
PF,Country,Französisch-Polynesien,French Polynesia
PG,Country,Papua-Neuguinea,Papua New Guinea
PH,Country,Philippinen,Philippines
PK,Country,Pakistan,Pakistan
PL,Country,Polen,Poland
PM,Country,St. Pierre und Miquelon,Saint Pierre and Miquelon
PN,Country,Pitcairn,Pitcairn
PR,Country,Puerto Rico,Puerto Rico
PS,Country,Palästina,"Palestine, State of"
PT,Country,Portugal,Portugal
PW,Country,Palau,Palau
PY,Country,Paraguay,Paraguay
QA,Country,Qatar,Qatar
RE,Country,Réunion,Réunion
RO,Country,Rumänien,Romania
RS,Country,"Serbien,  Republik",Serbia
RU,Country,Russische Föderation,Russian Federation
RW,Country,Rwanda,Rwanda
SA,Country,Saudi-Arabien,Saudi Arabia
SB,Country,Salomon-Inseln,Solomon Islands
SC,Country,Seychellen,Seychelles
SD,Country,Sudan,Sudan
SE,Country,Schweden,Sweden
SG,Country,Singapur,Singapore
SH,Country,"St. Helena, Ascension und Tristan da Cunha","Saint Helena, Ascension and Tristan da Cunha"
SI,Country,Slowenien,Slovenia
SJ,Country,Svalbard und Insel Jan Mayen,Svalbard and Jan Mayen
SK,Country,Slowakische Republik,Slovakia
SL,Country,Sierra Leone,Sierra Leone
SM,Country,San Marino,San Marino
SN,Country,Senegal,Senegal
SO,Country,Somalia,Somalia
SR,Country,Suriname,Suriname
SS,Country,Südsudan,South Sudan
ST,Country,St. Thomas und Principe,Sao Tome and Principe
SV,Country,El Salvador,El Salvador
SX,Country,St. Maarten,Sint Maarten (Dutch part)
SY,Country,Syrien,Syrian Arab Republic
SZ,Country,Swasiland,Swaziland
TC,Country,Turks und Caicos,Turks and Caicos Islands
TD,Country,Tschad,Chad
TF,Country,Französische Süd- und Antarktisgebiete,French Southern Territories
TG,Country,Togo,Togo
TH,Country,Thailand,Thailand
TJ,Country,Tadschikistan,Tajikistan
TK,Country,Tokelau,Tokelau
TL,Country,Timor-Leste,Timor-Leste
TM,Country,Turkmenistan,Turkmenistan
TN,Country,Tunesien,Tunisia
TO,Country,Tonga,Tonga
TR,Country,Türkei,Turkey
TT,Country,Trinidad und Tobago,Trinidad and Tobago
TV,Country,Tuvalu,Tuvalu
TW,Country,Taiwan (Chinesisches Taipei),"Taiwan, Province of China"
TZ,Country,Tansania,"Tanzania, United Republic of"
UA,Country,Ukraine,Ukraine
UG,Country,Uganda,Uganda
UM,Country,"Amerikanische Überseeinseln, kleinere",United States Minor Outlying Islands
US,Country,Vereinigte Staaten von Amerika,United States
UY,Country,Uruguay,Uruguay
UZ,Country,Usbekistan,Uzbekistan
VA,Country,Vatikan,Holy See (Vatican City State)
VC,Country,St. Vincent und Grenadinen,Saint Vincent and the Grenadines
VE,Country,Venezuela,"Venezuela, Bolivarian Republic of"
VG,Country, britischer Teil (Tortola),"Virgin Islands, British,Virginische Inseln"
VI,Country,Amerikanische Jungferninseln,"Virgin Islands, U.S."
VN,Country,Vietnam,Viet Nam
VU,Country,Vanuatu,Vanuatu
WF,Country,Wallis und Futuna,Wallis and Futuna
WS,Country,"Samoa, West",Samoa
YE,Country,Jemen,Yemen
YT,Country,Mayotte,Mayotte
ZA,Country,Südafrika,South Africa
ZM,Country,Sambia,Zambia
ZW,Country,Zimbabwe,Zimbabwe
General,Indemnification,Generell,General
Intellectual Property Only,Indemnification,Nur geistiges Eigentum,Intellectual Property Only
Other,Indemnification,Andere,Other
Unknown,Indemnification,Unklar,Unknown
At will,Termination Condition,Nach Belieben,At will
Breach by Licensor/Licensee,Termination Condition,Wegen Verstoß des Vertragspartners,Breach by Licensor/Licensee
Other,Termination Condition,Andere Gründe,Other
Unknown,Termination Condition,Unklar,Unknown
No,YN,Nein,No
Yes,YN,Ja,Yes
No,YNO,Nein,No
Not applicable,YNO,Nicht zutreffend,Not applicable
Other,YNO,Andere,Other
Planed,YNO,Geplant,Planed
Unknown,YNO,Unklar,Unknown
Yes,YNO,Ja,Yes
No,YNU,Nein,No
Unknown,YNU,Unbekannt,Unknown
Yes,YNU,Ja,Yes
Trivial,Task Priority,Trivial,Trivial
Low,Task Priority,Niedrig,Low
Normal,Task Priority,Mittel,Normal
High,Task Priority,Hoch,High
Extreme,Task Priority,Extrem,Extreme
Open,Task Status,Offen,Open
Done,Task Status,Erledigt,Done
Deferred,Task Status,Zurückgestellt,Deferred
Bug,Ticket.Category,Fehler,Bug
Improvement,Ticket.Category,Verbesserungsvorschlag,Improvement
New,Ticket.Status,Neu,New
Open,Ticket.Status,Angenommen,Open
In Progress,Ticket.Status,In Bearbeitung,In Progress
Done,Ticket.Status,Erledigt,Done
Deferred,Ticket.Status,Zurückgestellt,Deferred
Yes,Lincense.RemoteAccess,Ja,Yes
No,Lincense.RemoteAccess,Nein,No
All but Walk-ins,Lincense.RemoteAccess,Alle außer Walk-In-User,All but Walk-ins
By Author,License.OA.ReceivingModalities,Über Autor,By Author
On Demand,License.OA.ReceivingModalities,Auf Nachfrage,On Demand
From Database,License.OA.ReceivingModalities,Aus Datenank,From Database
Automatic Delivery,License.OA.ReceivingModalities,Automatische Lieferung,Automatic Delivery
Link by Publisher,License.OA.ReceivingModalities,Verlinkung durch Verlag,Link by Publisher
Own Choice,License.OA.Repository,Nach Wahl,Own Choice
Publishers,License.OA.Repository,Verlagseigen,Publishers
Subject specific,License.OA.Repository,Fachspezifisch,Subject specific
Website of Author,License.OA.Repository,Webseite,Website of Author
Institutional,License.OA.Repository,Institutionell,Institutional
Social Media,License.OA.Repository,Social Media,Social Media
Pre-print Server,License.OA.Repository,Pre-print-Server,Pre-print Server
IP Range,License.OA.CorrespondingAuthorIdentification,Über IP-Bereich,IP Range
Email Domain,License.OA.CorrespondingAuthorIdentification,E-Mail-Domäne,Email Domain
Research Institute,License.OA.CorrespondingAuthorIdentification,Über Institut,Research Institute
ORCID,License.OA.CorrespondingAuthorIdentification,ORCID,ORCID
Other,License.OA.CorrespondingAuthorIdentification,Anderes,Other
CC-BY,License.OA.LicenseToPublish,CC-BY,CC-BY
CC-BY-NC,License.OA.LicenseToPublish,CC-BY-NC,CC-BY-NC
CC-BY-NC-ND,License.OA.LicenseToPublish,CC-BY-NC-ND,CC-BY-NC-ND
CC-BY-SA,License.OA.LicenseToPublish,CC-BY-SA,CC-BY-SA
CC-BY-ND,License.OA.LicenseToPublish,CC-BY-ND,CC-BY-ND
CC-BY-NC-SA,License.OA.LicenseToPublish,CC-BY-NC-SA,CC-BY-NC-SA
No Hosting fee,License.Arc.PaymentNote,Dauerhaft kostenfrei (keine Hosting Fee),No Hosting fee
Hosting fee,License.Arc.PaymentNote,Hosting Fee zu zahlen,Hosting fee
Existing Regulation,License.Arc.TitletransferRegulation,Regelung vorhanden,Existing Regulation
Transfer Code of Practice,License.Arc.TitletransferRegulation,Transfer Code of Practice,Transfer Code of Practice
No Regulation,License.Arc.TitletransferRegulation,Keine Regelung,No Regulation
Free,License.Arc.ArchivalCopyCost,Kostenlos,Free
With Charge,License.Arc.ArchivalCopyCost,Gegen Gebühr,With Charge
Self-copied,License.Arc.ArchivalCopyCost,Kopie selbst anzufertigen,Self-copied
Licence Start Date,License.Arc.ArchivalCopyTime,Mit Vertragsbeginn,Licence Start Date
On Request,License.Arc.ArchivalCopyTime,Auf Anfrage,On Request
Licence End Date,License.Arc.ArchivalCopyTime,Mit Vertragsende,Licence End Date
Trigger Event,License.Arc.ArchivalCopyTime,Mit Trigger Event,Trigger Event
Data,License.Arc.ArchivalCopyContent,Rohdaten,Data
With Metadata,License.Arc.ArchivalCopyContent,Inkl. Metadaten,With Metadata
With Software,License.Arc.ArchivalCopyContent,Inkl. Software,With Software
DRM-free,License.Arc.ArchivalCopyContent,Ohne DRM,DRM-free
Remote,License.Arc.ArchivalCopyTransmissionFormat,Remote,Remote
CDROM,License.Arc.ArchivalCopyTransmissionFormat,CDROM,CDROM
Tape,License.Arc.ArchivalCopyTransmissionFormat,Band,Tape
Unspecified tangible format,License.Arc.ArchivalCopyTransmissionFormat,Unspezifizierter Datenträger,Unspecified tangible format
Always,License.Arc.HostingTime,Immer,Always
Exclusive,License.Arc.HostingTime,Ohne Anbieter,Exclusive
From Expiration On,License.Arc.HostingTime,Ab Vertragsende,From Expiration On
Predefined time,License.Arc.HostingTime,Fester Zeitpunkt,Predefined time
Trigger Event,License.Arc.HostingTime,Mit Trigger-Event,Trigger Event
Licensee,License.Arc.Authorized,Lizenznehmer,Licensee
SSG-Library,License.Arc.Authorized,SSG-Bibliothek,SSG-Library
Contractor,License.Arc.Authorized,Vertragspartner,Contractor
Contractor With Publisher's Assent,License.Arc.Authorized,Vertragspartner nach Genehmigung durch Anbieter,Contractor With Publisher's Assent
Former SSG library,License.Arc.Authorized,Ehemals SSG-Bibliothek,Former SSG library
FID library,License.Arc.Authorized,FID-Bibliothek,FID library
File Format,License.Arc.HostingRestriction,Dateiformat,File Format
Year,License.Arc.HostingRestriction,Jahrgang,Year
Access Period,License.Arc.HostingRestriction,Zugriffsdauer,Access Period
Use,License.Arc.HostingRestriction,Nutzung,Use
NatHosting PLN,License.Arc.HostingSolution,NatHosting PLN,NatHosting PLN
NatHosting Portico,License.Arc.HostingSolution,NatHosting Portico,NatHosting Portico
Publisher,License.Arc.HostingSolution,Verlag,Publisher
Own Host,License.Arc.HostingSolution,Eigener Host,Own Host
Third Party Systems,License.Arc.HostingSolution,Drittsysteme,Third Party Systems
LOCKSS,License.Arc.HostingSolution,LOCKSS,LOCKSS
CLOCKSS,License.Arc.HostingSolution,CLOCKSS,CLOCKSS
Portico,License.Arc.HostingSolution,Portico,Portico
COUNTER version 4,License.Statistics.Standards,COUNTER version 4,COUNTER version 4
COUNTER version 5,License.Statistics.Standards,COUNTER version 5,COUNTER version 5
ICOLC 1998,License.Statistics.Standards,ICOLC 1998,ICOLC 1998
Online,License.Statistics.Delivery,Online,Online
Email,License.Statistics.Delivery,Email,Email
Paper,License.Statistics.Delivery,Papier,Paper
HTML,License.Statistics.Format,HTML,HTML
Delimited,License.Statistics.Format,Begrenzt (z.B. durch Tab),Delimited
Excel,License.Statistics.Format,Excel,Excel
PDF,License.Statistics.Format,PDF,PDF
CSV,License.Statistics.Format,CSV,CSV
ASCII,License.Statistics.Format,ASCII,ASCII
Other,License.Statistics.Format,Sonstiges Format,Other
Monthly,License.Statistics.Frequency,Monatlich,Monthly
Quarterly,License.Statistics.Frequency,Quartalsweise,Quarterly
Bi-Annual,License.Statistics.Frequency,Halbjährlich,Bi-Annual
User-selectable,License.Statistics.Frequency,Individuell,User-selectable
None,License.Statistics.UserCreds,Keins,None
Same as Admin,License.Statistics.UserCreds,Das gleiche wie Admin,Same as Admin
Other,License.Statistics.UserCreds,Anderes,Other
Changes,User.Settings.Dashboard.Tab,Änderungen,Changes
Announcements,User.Settings.Dashboard.Tab,Ankündigungen,Announcements
Tasks,User.Settings.Dashboard.Tab,Aufgaben,Tasks
Due Dates,User.Settings.Dashboard.Tab,Fällige Termine,Due Dates
